query_id,doc_id,score_hybrid,rank
3394,112208,0.5956839123858078,2.0
3394,172703,0.04845580687906873,9.0
3394,87722,0.1531522002707366,6.0
3394,445971,1.0,1.0
3394,345199,0.14768417762117617,7.0
3394,377429,0.1342061582931364,8.0
3394,387277,0.399779960009031,3.0
3394,133093,0.3258157140000862,4.0
3394,418150,0.0,10.0
3394,539263,0.1979762429957169,5.0
5505,100387,1.0,1.0
5505,141738,0.2048904206480365,5.0
5505,278824,0.17742934651984588,6.0
5505,70488,0.39299582485207946,2.0
5505,349160,0.29636692109320545,4.0
5505,478457,0.09269487975269683,8.0
5505,200338,0.16848687708301296,7.0
5505,408327,0.020238269869991794,9.0
5505,442142,0.35516256309144423,3.0
5505,593085,0.0,10.0
6792,558617,0.9701103638238158,2.0
6792,400841,0.8127917258612753,5.0
6792,29306,0.5632450255074011,7.0
6792,136825,0.9115174226151044,3.0
6792,259081,0.6883599553846671,6.0
6792,40447,0.2919312004330154,9.0
6792,480515,0.8305949331492879,4.0
6792,156467,1.0,1.0
6792,545434,0.0,10.0
6792,585447,0.4230026717818767,8.0
6909,452175,0.5989847347926728,5.0
6909,13260,0.3250309020571616,8.0
6909,435963,0.7435668032002014,3.0
6909,375019,0.7335929263305774,4.0
6909,266900,0.4041602809341373,7.0
6909,464502,0.1694314487667055,9.0
6909,214003,0.0,10.0
6909,79357,1.0,1.0
6909,535697,0.7895863004329685,2.0
6909,330041,0.431621654661343,6.0
4946,121690,1.0,1.0
4946,156816,0.677803384126184,2.0
4946,79357,0.4923033420895591,7.0
4946,9938,0.662051376058148,4.0
4946,350680,0.593067683085417,5.0
4946,28119,0.2462257383606765,8.0
4946,343489,0.5628859949881858,6.0
4946,100485,0.6706275028877944,3.0
4946,88105,0.2207452241619404,9.0
4946,496935,0.0,10.0
4125,283079,0.6613988892040985,5.0
4125,232199,0.7053101552832235,4.0
4125,363591,0.622216572478451,7.0
4125,452987,0.04082753981670364,9.0
4125,571362,0.6266268819740705,6.0
4125,292769,0.0,10.0
4125,340044,0.8845367998921775,2.0
4125,103593,0.8635901298375616,3.0
4125,276400,1.0,1.0
4125,7632,0.12672765734212338,8.0
6009,62151,0.3148233400808831,7.0
6009,175831,0.4839942863072024,5.0
6009,303325,0.6604206106554902,4.0
6009,228983,1.0,1.0
6009,158717,0.6932455268598074,3.0
6009,472585,0.009350415171040074,9.0
6009,178684,0.019477940561785458,8.0
6009,442048,0.9358993918283361,2.0
6009,125298,0.0,10.0
6009,99857,0.3404682672893362,6.0
9598,528034,1.0,1.0
9598,379311,0.737315025658307,4.0
9598,322826,0.4782552109477378,7.0
9598,136270,0.0,10.0
9598,574327,0.9950485019772609,2.0
9598,112208,0.5434989824007215,6.0
9598,17923,0.4440060644707746,8.0
9598,172703,0.2673918699466271,9.0
9598,297290,0.8421109385209405,3.0
9598,383978,0.5859368819925932,5.0
10645,22221,1.0,1.0
10645,340131,0.7174695115788782,6.0
10645,441176,0.9721382004146922,2.0
10645,183349,0.3244037630552352,9.0
10645,102684,0.7350547450988502,5.0
10645,248799,0.7608856170545385,4.0
10645,317354,0.3576354928347656,8.0
10645,293679,0.9377306861007777,3.0
10645,415340,0.485141622213896,7.0
10645,487791,0.0,10.0
7441,125659,0.5928389116107445,5.0
7441,192900,0.8042785807895131,3.0
7441,537418,0.5275564275022498,6.0
7441,231781,0.9252277339787232,2.0
7441,117576,1.0,1.0
7441,404339,0.09567866088814267,9.0
7441,329662,0.6222468691374611,4.0
7441,504996,0.30070366717805774,8.0
7441,336018,0.40763474451451304,7.0
7441,180733,0.0,10.0
5080,305901,0.5621227870403246,7.0
5080,553304,0.48245989968351605,8.0
5080,392434,1.0,1.0
5080,514512,0.7162494070484563,5.0
5080,67063,0.833431141246633,4.0
5080,488334,0.8979037539189889,3.0
5080,356928,0.8988966969772817,2.0
5080,271026,0.0,10.0
5080,88912,0.20820402744839128,9.0
5080,167950,0.5914506748621193,6.0
9329,326991,1.0,1.0
9329,385574,0.49767424934604076,4.0
9329,340210,0.44327097443154057,5.0
9329,394924,0.72488458385747,3.0
9329,265098,0.26718303257518516,8.0
9329,586018,0.826057044476297,2.0
9329,179103,0.38731480923191364,6.0
9329,192900,0.3320751869506299,7.0
9329,209493,0.24348309195139306,9.0
9329,209065,0.0,10.0
6479,404339,1.0,1.0
6479,272008,0.7506787635396021,2.0
6479,536120,0.3196294494647682,6.0
6479,9938,0.1080220071329449,9.0
6479,453839,0.11335777084431443,8.0
6479,104793,0.0,10.0
6479,257656,0.5999293544544424,3.0
6479,491969,0.4665091900649061,5.0
6479,114439,0.14320074089108994,7.0
6479,340210,0.5719515599544718,4.0
8513,175821,1.0,1.0
8513,69790,0.5816259453242154,3.0
8513,167950,0.5846210697910886,2.0
8513,183612,0.0,10.0
8513,449039,0.2231129459493672,9.0
8513,267113,0.4545349089334384,5.0
8513,167896,0.4276079870619056,6.0
8513,417840,0.3582701624478849,8.0
8513,232712,0.5636625942270944,4.0
8513,87667,0.3823234800917711,7.0
10109,93231,0.9470475746194674,2.0
10109,28314,1.0,1.0
10109,535317,0.4967640625087394,5.0
10109,395357,0.3707610197687106,6.0
10109,124630,0.10928143400143436,8.0
10109,244749,0.02374824031067871,9.0
10109,305467,0.0,10.0
10109,116420,0.5302816412864292,4.0
10109,474384,0.6369170819114663,3.0
10109,105818,0.20632718872042377,7.0
4844,275257,1.0,1.0
4844,367137,0.5909944906885864,4.0
4844,192193,0.6931548566077284,3.0
4844,111033,0.5385739072875645,5.0
4844,235522,0.7176806221601925,2.0
4844,549741,0.2242540752256806,8.0
4844,140088,0.5211250839092186,6.0
4844,386423,0.0,10.0
4844,144177,0.4767829260211636,7.0
4844,409432,0.020794895790744214,9.0
8544,214003,1.0,1.0
8544,37517,0.0,10.0
8544,336541,0.6309811816755404,4.0
8544,75437,0.4758592802025168,5.0
8544,13260,0.4256049655924973,6.0
8544,100103,0.7590982653190146,2.0
8544,416307,0.2531911500429077,7.0
8544,12432,0.034225180987912954,9.0
8544,561884,0.7191008809066345,3.0
8544,111768,0.07842717181303911,8.0
4823,561929,1.0,1.0
4823,362919,0.8154803785924715,2.0
4823,340131,0.3241340563065852,9.0
4823,104726,0.757613140985924,3.0
4823,11572,0.56474065132203,7.0
4823,7094,0.7090929878396892,4.0
4823,2860,0.40455073575060635,8.0
4823,459423,0.631605371584793,6.0
4823,252716,0.6814726552316412,5.0
4823,271118,0.0,10.0
1085,366597,0.6372683158116005,2.0
1085,405702,1.0,1.0
1085,485195,0.2303825481466679,8.0
1085,374334,0.29725553859887094,5.0
1085,108302,0.27713826254415,6.0
1085,581889,0.0,10.0
1085,94586,0.13417051334137067,9.0
1085,184175,0.5529072518576682,4.0
1085,401125,0.6168002967838753,3.0
1085,315275,0.2727418833357056,7.0
2388,104988,1.0,1.0
2388,300287,0.4356767434068871,5.0
2388,13657,0.3281744443254626,7.0
2388,123733,0.0,10.0
2388,459423,0.5864532837225034,2.0
2388,565698,0.3851834830129939,6.0
2388,423403,0.5253600101844366,3.0
2388,157702,0.3115288282520685,8.0
2388,141320,0.4493929367990444,4.0
2388,429978,0.1734519127759989,9.0
6891,474351,1.0,1.0
6891,492506,0.5744092449682906,5.0
6891,504497,0.17870442930756222,8.0
6891,558924,0.7207743981018763,2.0
6891,264095,0.4594226292491355,6.0
6891,381757,0.3975266783455762,7.0
6891,323363,0.5854443871711256,3.0
6891,579543,0.1383654398912564,9.0
6891,143425,0.5756307305362458,4.0
6891,73434,0.0,10.0
2568,346042,1.0,1.0
2568,164702,0.22639282115817197,8.0
2568,170141,0.5200765057270016,4.0
2568,13975,0.2317224810384477,7.0
2568,544654,0.41798487169806037,5.0
2568,130209,0.5609298679662325,3.0
2568,428150,0.0,10.0
2568,269898,0.8201299387923906,2.0
2568,368802,0.3216141941625693,6.0
2568,213370,0.001164294532677325,9.0
7702,558924,0.8947718020784031,2.0
7702,133093,0.8904383836231865,3.0
7702,387277,1.0,1.0
7702,592636,0.0,10.0
7702,214542,0.47330695850846916,5.0
7702,192193,0.28594108240157456,7.0
7702,108721,0.3333974616943194,6.0
7702,140088,0.48483504589750476,4.0
7702,367137,0.2807575484764312,8.0
7702,259317,0.05277342757684656,9.0
2376,91545,0.9968303572199717,2.0
2376,402249,0.8174288672722276,7.0
2376,244961,0.7190372075444195,8.0
2376,114417,0.8551228633855129,6.0
2376,549833,0.9398807205092936,4.0
2376,324411,1.0,1.0
2376,407455,0.8731218496534868,5.0
2376,64263,0.9521909111122224,3.0
2376,582521,0.5254688762359432,9.0
2376,44110,0.0,10.0
4339,386531,1.0,1.0
4339,488615,0.8079816711424833,2.0
4339,16392,0.47068439421779046,4.0
4339,242076,0.2604305739909859,8.0
4339,240645,0.26817420368473593,7.0
4339,473540,0.5276928537365476,3.0
4339,260328,0.4188959052856086,5.0
4339,455398,0.0,10.0
4339,242294,0.3448826808096989,6.0
4339,103256,0.02749873799082341,9.0
5427,387854,0.6210955397868807,7.0
5427,580709,0.86305446059503,3.0
5427,55666,0.7727465296406391,5.0
5427,200338,0.0,10.0
5427,597467,0.910079520294151,2.0
5427,142876,0.8189963641011115,4.0
5427,522358,0.14808162951785747,9.0
5427,273084,0.5527195656587053,8.0
5427,200603,1.0,1.0
5427,549759,0.6713406727633983,6.0
7734,226070,1.0,1.0
7734,96013,0.6682922675477503,2.0
7734,87667,0.5153178804417832,4.0
7734,94591,0.3726111901984784,8.0
7734,10703,0.42582258054302463,6.0
7734,150544,0.0,10.0
7734,421371,0.4643813176512026,5.0
7734,232712,0.40559669778039925,7.0
7734,247486,0.09489163750478134,9.0
7734,433905,0.5679266515992516,3.0
2486,487791,1.0,1.0
2486,58937,0.7655829341652295,2.0
2486,388575,0.3981206354164778,8.0
2486,101604,0.6190458442428782,5.0
2486,216327,0.1652479092929947,9.0
2486,250702,0.6542069470668561,4.0
2486,357914,0.509933031233108,6.0
2486,234436,0.6738686252881074,3.0
2486,518563,0.0,10.0
2486,130021,0.409196311131224,7.0
7071,238629,0.6249744073541308,3.0
7071,99857,0.1988608696696722,8.0
7071,178684,0.7376647232729234,2.0
7071,14543,0.3781281426771513,7.0
7071,588384,0.0,10.0
7071,246221,0.5800206550174365,4.0
7071,403899,0.07270666819982081,9.0
7071,434812,1.0,1.0
7071,319793,0.5427589086094572,5.0
7071,378173,0.3982358330521084,6.0
8537,511093,0.9551078558781231,3.0
8537,416307,1.0,1.0
8537,572842,0.0,10.0
8537,281707,0.21910023199721856,8.0
8537,374020,0.5728647941595397,5.0
8537,96467,0.48939661910005783,6.0
8537,557356,0.6639880462830828,4.0
8537,472516,0.9820325845150574,2.0
8537,472014,0.12056549118451566,9.0
8537,501384,0.22925355705013836,7.0
7178,70096,0.34353923412493337,4.0
7178,401329,1.0,1.0
7178,420851,0.5049248899168931,2.0
7178,518563,0.10031116882806115,8.0
7178,58851,0.0,10.0
7178,474384,0.37476883898360364,3.0
7178,88892,0.2123824342521431,6.0
7178,193312,0.16486662759547768,7.0
7178,484055,0.015437204288542205,9.0
7178,554568,0.2702037092285325,5.0
4777,2860,1.0,1.0
4777,409535,0.9595446534437096,2.0
4777,228983,0.17462173775376147,7.0
4777,429378,0.3048904436845003,4.0
4777,407455,0.1607474487897812,9.0
4777,167896,0.8946834307155386,3.0
4777,525231,0.27550154052127035,5.0
4777,570155,0.2532331369147532,6.0
4777,413041,0.0,10.0
4777,164008,0.16809044154746594,8.0
2398,168922,0.0,10.0
2398,96538,0.9273043208940484,2.0
2398,443246,0.3605097407512949,8.0
2398,490443,1.0,1.0
2398,527698,0.7432122019209235,3.0
2398,548465,0.6483585323254427,4.0
2398,107092,0.4460018318331533,6.0
2398,505959,0.43500067915151996,7.0
2398,403515,0.3277587576068995,9.0
2398,342212,0.4545591034434099,5.0
849,557186,1.0,1.0
849,528564,0.5244097076547649,6.0
849,232199,0.6876221519571212,4.0
849,183612,0.6972552662627309,3.0
849,234436,0.2573518966917951,8.0
849,366830,0.6721816317970527,5.0
849,24890,0.25020901947444696,9.0
849,327263,0.47378040088843076,7.0
849,454810,0.0,10.0
849,273947,0.8376460184138307,2.0
7534,175821,1.0,1.0
7534,301224,0.5191687256347525,3.0
7534,498378,0.1281859962614318,7.0
7534,46099,0.06593486890662446,8.0
7534,147765,0.02072936049294563,9.0
7534,89714,0.5660980422758943,2.0
7534,51046,0.41509580526378426,4.0
7534,211839,0.0,10.0
7534,255491,0.25098256783904915,5.0
7534,169062,0.19122469821003393,6.0
5021,226070,0.5957713146449797,3.0
5021,423034,1.0,1.0
5021,588607,0.18142470042171815,8.0
5021,79357,0.9503931652610176,2.0
5021,494939,0.5261547040353542,5.0
5021,3118,0.10865857528661198,9.0
5021,339640,0.5550902654450346,4.0
5021,289813,0.0,10.0
5021,481308,0.2028171161945174,7.0
5021,136825,0.32998015183466495,6.0
6131,326094,0.7775118639048499,3.0
6131,334111,0.8426175538354023,2.0
6131,44223,0.3010496496652264,6.0
6131,258465,0.7104458434502454,4.0
6131,123733,0.0,10.0
6131,368806,1.0,1.0
6131,315275,0.05930376955492462,9.0
6131,470024,0.621746916198525,5.0
6131,483441,0.16878358478982786,7.0
6131,169699,0.08085497523808693,8.0
10136,152316,0.7975710610114791,2.0
10136,32744,0.5576105735902875,4.0
10136,290930,1.0,1.0
10136,277179,0.4553114959069544,6.0
10136,18509,0.20362546491503164,9.0
10136,198349,0.540181654587077,5.0
10136,302792,0.3133840326445459,7.0
10136,507284,0.2950443668486266,8.0
10136,280204,0.6692526217756267,3.0
10136,144177,0.0,10.0
9548,423658,0.9934783186213134,2.0
9548,523810,0.8773241049047604,4.0
9548,297290,1.0,1.0
9548,231227,0.945500805762723,3.0
9548,61022,0.0,10.0
9548,72160,0.406384871016903,8.0
9548,539263,0.4298689006978477,7.0
9548,32811,0.17795274501112904,9.0
9548,583203,0.4313172429269605,6.0
9548,482544,0.5749565458506132,5.0
4942,314898,1.0,1.0
4942,433490,0.7874439681216316,2.0
4942,295864,0.27563453690409495,7.0
4942,70853,0.0,10.0
4942,420556,0.15357104863014445,8.0
4942,94689,0.4671626451495121,4.0
4942,486333,0.32186725535036126,5.0
4942,62966,0.5000853362200225,3.0
4942,55999,0.29719072776014205,6.0
4942,539263,0.07671966859502079,9.0
5090,572272,0.36249566083852336,4.0
5090,12988,1.0,1.0
5090,270856,0.3173514165302009,6.0
5090,468777,0.0,10.0
5090,507544,0.31590542784844333,7.0
5090,551423,0.09515531858093038,9.0
5090,149500,0.3209566848928405,5.0
5090,247721,0.26484489201846606,8.0
5090,169688,0.39499610747202596,3.0
5090,414534,0.5540293260168185,2.0
6005,149500,1.0,1.0
6005,507544,0.6953007640002867,3.0
6005,572272,0.7212025831979543,2.0
6005,551423,0.25767640595250024,7.0
6005,140947,0.0,10.0
6005,30311,0.22208982506373867,8.0
6005,176498,0.6906882883061881,4.0
6005,414288,0.5524525929713665,5.0
6005,515060,0.16020977560153393,9.0
6005,377223,0.2577707826208217,6.0
7533,162668,1.0,1.0
7533,461084,0.5877924651409735,7.0
7533,438680,0.7558097288716981,5.0
7533,284411,0.8808588653774407,2.0
7533,167356,0.7429460641474096,6.0
7533,257016,0.3892511381635853,9.0
7533,201495,0.771529044166073,4.0
7533,213435,0.8617333024672585,3.0
7533,167950,0.0,10.0
7533,407654,0.4202068359370367,8.0
8034,284075,0.15070558683981555,8.0
8034,327978,0.7544637914334028,2.0
8034,415340,0.08754490978640969,9.0
8034,307999,0.31331877657565965,6.0
8034,292991,0.0,10.0
8034,198764,0.38395895651031847,4.0
8034,13153,0.2761847942079428,7.0
8034,22221,0.3227801874866608,5.0
8034,213435,0.43893214690285826,3.0
8034,579557,1.0,1.0
2330,478514,1.0,1.0
2330,260014,0.0,10.0
2330,370334,0.7136884841174667,2.0
2330,345895,0.48196753648023694,3.0
2330,156873,0.12656412021515437,8.0
2330,572272,0.18732135849625814,7.0
2330,488334,0.3724981351166353,6.0
2330,94586,0.4595922901293484,4.0
2330,167684,0.4451857771924651,5.0
2330,9656,0.0844614491510282,9.0
7803,62151,1.0,1.0
7803,572205,0.7742303112919798,3.0
7803,327127,0.5109426687186874,8.0
7803,216065,0.6568063915219746,5.0
7803,214003,0.5338749245965283,7.0
7803,100103,0.6284819311900673,6.0
7803,336541,0.8533711478374525,2.0
7803,324037,0.07919867721199765,9.0
7803,583651,0.0,10.0
7803,12432,0.7387693666277105,4.0
1933,183612,1.0,1.0
1933,446984,0.6636435254538904,2.0
1933,141738,0.23228450561715916,9.0
1933,352640,0.35807797290141474,8.0
1933,445298,0.5143901400992524,4.0
1933,413041,0.0,10.0
1933,466718,0.36585205030738366,7.0
1933,234436,0.43872361450953445,5.0
1933,264554,0.5925224440301813,3.0
1933,134794,0.3739482713480591,6.0
6849,44601,1.0,1.0
6849,59714,0.4971794536862961,5.0
6849,78675,0.7459987896968572,3.0
6849,578427,0.6834728460103435,4.0
6849,172703,0.14991393332834563,8.0
6849,79998,0.41923383466993597,6.0
6849,112208,0.1470513416505976,9.0
6849,418150,0.8624415965382676,2.0
6849,328086,0.0,10.0
6849,61962,0.38433746461401824,7.0
7448,418150,1.0,1.0
7448,100485,0.3651620487322543,5.0
7448,273861,0.0,10.0
7448,112208,0.4152685377472143,4.0
7448,377429,0.24169124076252305,7.0
7448,387277,0.20886398666568814,8.0
7448,307095,0.3479434671449644,6.0
7448,133093,0.49104594756989334,3.0
7448,44601,0.6966818094861403,2.0
7448,172703,0.13242141620234574,9.0
42,283079,0.9847255324816219,2.0
42,278824,0.52731073110181,6.0
42,528564,0.7352004887122082,5.0
42,327002,0.9054201542889171,3.0
42,141738,0.06900042555523339,9.0
42,124630,0.0,10.0
42,366830,0.7506328920206486,4.0
42,467509,0.18385876283081978,8.0
42,536849,1.0,1.0
42,583956,0.4172893562289217,7.0
4102,125940,0.0,10.0
4102,293320,0.3214880513914985,5.0
4102,572340,0.6493389602081834,4.0
4102,554734,1.0,1.0
4102,275925,0.2970772550918226,6.0
4102,327978,0.7819186577862168,2.0
4102,326142,0.6625601992947713,3.0
4102,460457,0.22990793869482548,7.0
4102,356987,0.1701348142698687,9.0
4102,324779,0.2080589515748505,8.0
7269,474351,0.26878229195136144,6.0
7269,588607,0.4245154644201037,4.0
7269,72402,0.1729797717429587,7.0
7269,226070,0.31539508611125344,5.0
7269,301580,0.0,10.0
7269,486696,1.0,1.0
7269,386173,0.011680527913342915,9.0
7269,392894,0.442857115664676,3.0
7269,129319,0.6249105301747743,2.0
7269,90294,0.11473533190562304,8.0
10975,363591,0.6748277947303617,5.0
10975,17166,0.9877120231552717,2.0
10975,72160,1.0,1.0
10975,545759,0.25012517684414565,8.0
10975,384564,0.0005063239528881101,9.0
10975,482544,0.796454754629463,4.0
10975,528522,0.6706955547294797,6.0
10975,61022,0.0,10.0
10975,452870,0.9750123200641372,3.0
10975,341493,0.47588465757294407,7.0
715,93936,0.06604534216514472,9.0
715,232262,0.397536463067935,7.0
715,377223,0.7004283125806995,4.0
715,590489,0.8993569928318734,2.0
715,560872,1.0,1.0
715,127316,0.6012638582094737,5.0
715,273925,0.8214516542276316,3.0
715,524752,0.20218433716540532,8.0
715,212028,0.0,10.0
715,167896,0.5318202782570681,6.0
4037,557186,0.8144658699000424,2.0
4037,408327,0.5078473537981969,3.0
4037,81483,0.03993699815276514,9.0
4037,264554,0.43564084102113493,4.0
4037,70488,0.2517736834587817,8.0
4037,73427,0.26295456964371733,7.0
4037,141738,0.0,10.0
4037,327002,0.3013987704277182,5.0
4037,298099,1.0,1.0
4037,278824,0.2699002404034145,6.0
4047,159836,0.3255474136428191,8.0
4047,538352,1.0,1.0
4047,124230,0.5991445960114735,4.0
4047,457294,0.4260421847326984,6.0
4047,227423,0.8159744159214901,2.0
4047,488258,0.27458608051488637,9.0
4047,186453,0.6262414920248045,3.0
4047,560872,0.349173285213295,7.0
4047,304477,0.0,10.0
4047,472585,0.5595685441144852,5.0
8072,31465,0.5548730006813734,7.0
8072,127452,0.8378446635166827,2.0
8072,164008,0.580737616138701,5.0
8072,413041,0.22722513020269214,9.0
8072,394244,1.0,1.0
8072,284235,0.702420603818404,3.0
8072,494727,0.5325242189479543,8.0
8072,294867,0.6831361639427052,4.0
8072,316838,0.5657881020930895,6.0
8072,169062,0.0,10.0
5906,258465,0.6440764158834819,3.0
5906,409907,1.0,1.0
5906,318520,0.9408594941691679,2.0
5906,470024,0.2070679464153915,9.0
5906,289231,0.5620685307287311,6.0
5906,273528,0.591689926438026,4.0
5906,326094,0.0,10.0
5906,2460,0.2597727943709098,8.0
5906,394467,0.37055838827928944,7.0
5906,15172,0.5817863381390542,5.0
8378,178684,1.0,1.0
8378,246221,0.6822355374278648,4.0
8378,238629,0.8773579433533539,3.0
8378,434812,0.9702632533753438,2.0
8378,102237,0.48234278625463733,5.0
8378,43497,0.21960689678262363,7.0
8378,403025,0.18129526031374812,8.0
8378,382381,0.30436354849892966,6.0
8378,554568,0.10993283427386669,9.0
8378,597401,0.0,10.0
885,315275,0.2271034781026886,5.0
885,273528,0.8671507461584048,2.0
885,173929,0.0,10.0
885,394467,0.05538436801089472,9.0
885,485195,0.08853648403970421,8.0
885,326094,1.0,1.0
885,483441,0.42845944065245967,4.0
885,258465,0.4493389406144592,3.0
885,399013,0.15268619756653812,7.0
885,246459,0.15689105893460084,6.0
2423,529444,0.7836931107418157,2.0
2423,396127,1.0,1.0
2423,89049,0.6244035927005578,6.0
2423,124027,0.6481646439594062,5.0
2423,461084,0.30526422598661246,8.0
2423,388646,0.48312155393333,7.0
2423,553288,0.7055147870631376,3.0
2423,428150,0.6718540133305813,4.0
2423,370334,0.014213326797655254,9.0
2423,175232,0.0,10.0
4414,235522,1.0,1.0
4414,367137,0.7569895427323833,5.0
4414,133093,0.2968880013782905,9.0
4414,144177,0.9652161523088572,2.0
4414,111033,0.43840076687687235,6.0
4414,275257,0.3702095632833009,7.0
4414,29073,0.9013390190754627,3.0
4414,140088,0.3301369667346348,8.0
4414,76776,0.0,10.0
4414,577578,0.8250526866348324,4.0
1297,313909,0.6953259747426963,3.0
1297,171761,1.0,1.0
1297,219758,0.20350834536070708,9.0
1297,289813,0.47206642299080653,5.0
1297,90712,0.4294745363316069,6.0
1297,146021,0.7100782084280153,2.0
1297,370663,0.47375444662545657,4.0
1297,66246,0.2866852352648517,8.0
1297,545434,0.0,10.0
1297,521712,0.29092375665702913,7.0
8512,32811,1.0,1.0
8512,61022,0.5592022258058807,3.0
8512,149696,0.3351186817571851,8.0
8512,320101,0.0,10.0
8512,528522,0.3239168439276968,9.0
8512,231227,0.3877493940005856,7.0
8512,461592,0.6739503669786031,2.0
8512,474384,0.46802332363627003,6.0
8512,214901,0.48671062693284256,4.0
8512,452870,0.47546899085107813,5.0
3822,290930,0.9486627842778924,3.0
3822,454157,0.9178241063438889,4.0
3822,586151,0.9750015276576418,2.0
3822,318583,0.0,10.0
3822,592636,0.7931031533290898,6.0
3822,476834,0.820054951801138,5.0
3822,597880,0.5585205045643106,7.0
3822,309269,0.5130881987000483,8.0
3822,431814,0.10576520250159237,9.0
3822,369355,1.0,1.0
859,32530,0.9913595466506463,2.0
859,326094,0.8963296278876215,3.0
859,171720,0.7460080344191423,4.0
859,377223,0.6294701664608453,8.0
859,310215,0.41137217627900785,9.0
859,308837,0.6713779661886959,7.0
859,513258,0.0,10.0
859,388201,0.732073629299897,5.0
859,506374,0.7228155333742405,6.0
859,217683,1.0,1.0
6668,457294,1.0,1.0
6668,93971,0.16018047869703617,8.0
6668,301570,0.09387291338244404,9.0
6668,228403,0.2504671395482285,6.0
6668,159703,0.4082642315693216,4.0
6668,326991,0.0,10.0
6668,526110,0.4444785586699431,3.0
6668,88892,0.21798900825148287,7.0
6668,241337,0.5523172861020859,2.0
6668,11988,0.36833265033591484,5.0
604,38711,0.6311493671336408,4.0
604,571430,0.6798628645465474,3.0
604,224869,0.33558801607199207,7.0
604,115553,0.15455458327831842,8.0
604,197222,0.44861312783716106,6.0
604,348353,0.602939079209542,5.0
604,561377,1.0,1.0
604,195191,0.10347969068325341,9.0
604,342307,0.0,10.0
604,486333,0.9717247945538405,2.0
3177,539263,0.8924053731732249,2.0
3177,172703,0.6492232829246404,4.0
3177,536120,0.6400896839019105,6.0
3177,377429,0.7076356804535827,3.0
3177,480315,1.0,1.0
3177,87722,0.3450021647380634,8.0
3177,17208,0.6435722923210846,5.0
3177,467575,0.4136764072027303,7.0
3177,328086,0.022118773723065616,9.0
3177,423658,0.0,10.0
721,496225,1.0,1.0
721,51615,0.2715444117486692,4.0
721,298128,0.35848825782072286,2.0
721,568526,0.24071768922744882,5.0
721,251824,0.14130336939597962,7.0
721,196427,0.151900257628259,6.0
721,597880,0.0,10.0
721,150650,0.3455240077900155,3.0
721,447353,0.13365725830913613,8.0
721,358661,0.08175034342751263,9.0
7124,427726,0.4978833494780275,2.0
7124,242524,0.45161342848490105,4.0
7124,62151,0.20410172749361818,9.0
7124,265314,0.2727682407641456,8.0
7124,226070,0.38779312046587666,7.0
7124,558617,1.0,1.0
7124,433905,0.3966928784171707,6.0
7124,421371,0.454811781833437,3.0
7124,96013,0.44840193683111906,5.0
7124,162668,0.0,10.0
4500,236482,0.6363811018530899,4.0
4500,533623,1.0,1.0
4500,474234,0.0908782711173055,8.0
4500,166487,0.004207244961613207,9.0
4500,231781,0.40924715301702985,6.0
4500,80031,0.24074489931505177,7.0
4500,163048,0.8031353342967121,3.0
4500,62897,0.0,10.0
4500,275929,0.8388082554744736,2.0
4500,81101,0.5172128066733916,5.0
603,64103,0.5268699358337724,6.0
603,399013,0.827320691246223,2.0
603,535651,0.406074578279228,7.0
603,120090,1.0,1.0
603,279897,0.7412815700043882,3.0
603,55022,0.5329508065921559,5.0
603,35736,0.0,10.0
603,544486,0.40305904379513,8.0
603,77503,0.015062384123897907,9.0
603,139047,0.6924118409891172,4.0
6647,462265,1.0,1.0
6647,13260,0.1536313163980404,5.0
6647,96013,0.21985557142764356,3.0
6647,464533,0.12464260739989091,6.0
6647,562171,0.04231222107904135,8.0
6647,326233,0.18557114492600246,4.0
6647,209188,0.3808103717621672,2.0
6647,231068,0.023898598497597966,9.0
6647,391988,0.07062154029126788,7.0
6647,531990,0.0,10.0
5369,258465,0.7312648711067815,2.0
5369,172128,0.5497103988198789,4.0
5369,184175,1.0,1.0
5369,399013,0.6186597029898817,3.0
5369,173929,0.0,10.0
5369,171339,0.5308977516757675,5.0
5369,414288,0.3237666809413314,7.0
5369,500946,0.394728740504475,6.0
5369,70724,0.011122809003325398,9.0
5369,118280,0.07871582030439855,8.0
932,48722,0.8078259736389083,2.0
932,387010,1.0,1.0
932,442110,0.6561116046303355,5.0
932,292769,0.3130123606241656,8.0
932,593085,0.033355357403797636,9.0
932,23747,0.7754259686371174,3.0
932,418630,0.6458002679471802,6.0
932,281045,0.3138812667841605,7.0
932,196427,0.0,10.0
932,571430,0.6824895670288557,4.0
9633,259081,0.876887753688429,2.0
9633,534418,1.0,1.0
9633,481166,0.19991490817329108,7.0
9633,185909,0.3454449954679601,5.0
9633,552479,0.22386018131813096,6.0
9633,590578,0.0,10.0
9633,484055,0.44967951460132816,3.0
9633,474351,0.3735587138932522,4.0
9633,363741,0.15445239805346073,8.0
9633,262441,0.07451104739901712,9.0
1676,394871,1.0,1.0
1676,234436,0.5834119464945683,5.0
1676,77245,0.8195677543662732,2.0
1676,487791,0.7436231908533449,3.0
1676,58937,0.5714263141894336,6.0
1676,352640,0.25284453741296675,8.0
1676,279538,0.6169986757393012,4.0
1676,196920,0.4727355930974933,7.0
1676,555732,0.0,10.0
1676,136804,0.2340376964579128,9.0
4804,222153,0.7335145429619551,3.0
4804,325892,0.15525716875085105,8.0
4804,255795,0.5508406196738881,5.0
4804,285255,0.6826970191207413,4.0
4804,45218,0.2167946186092149,6.0
4804,162456,1.0,1.0
4804,143100,0.1200299218008737,9.0
4804,51583,0.16810333555986767,7.0
4804,116574,0.8131377907329498,2.0
4804,393132,0.0,10.0
2747,445298,0.9437674391314027,2.0
2747,431685,0.26123156077627574,8.0
2747,535705,0.5597862498303015,6.0
2747,583635,0.0,10.0
2747,387010,1.0,1.0
2747,571430,0.17140820514213614,9.0
2747,418630,0.755264619050321,3.0
2747,279538,0.7236021649982028,4.0
2747,582864,0.543224396929851,7.0
2747,123468,0.5839548718078835,5.0
8632,43497,1.0,1.0
8632,382381,0.8396060825439211,3.0
8632,344372,0.7621477499694126,4.0
8632,575741,0.2908504553743189,6.0
8632,458385,0.2587849359366503,9.0
8632,416307,0.2683203383824821,8.0
8632,102436,0.8468099596761526,2.0
8632,223070,0.2747462663070428,7.0
8632,363043,0.37712884575966465,5.0
8632,186453,0.0,10.0
4981,102684,0.8018387791638493,2.0
4981,45218,1.0,1.0
4981,578585,0.1242121399626888,7.0
4981,341625,0.5731343767099343,4.0
4981,590710,0.28871856860808603,5.0
4981,264800,0.033026924242763094,9.0
4981,475541,0.0,10.0
4981,212481,0.27732221151416764,6.0
4981,567362,0.6089363248687417,3.0
4981,319692,0.09151692463144684,8.0
6146,289231,0.30651719429063523,7.0
6146,2460,0.41996458884490934,5.0
6146,470024,0.505926810665328,4.0
6146,394467,0.3921740851776199,6.0
6146,160125,1.0,1.0
6146,581889,0.6604707181305797,3.0
6146,326094,0.18076506257530092,9.0
6146,580709,0.0,10.0
6146,273528,0.27698242550589774,8.0
6146,7403,0.9948178912100729,2.0
10674,328556,0.17235455269560485,5.0
10674,435963,0.14785447061671586,6.0
10674,89460,0.08832347641461522,7.0
10674,109860,0.2022990520367381,4.0
10674,88813,0.644817526174223,3.0
10674,319793,0.7597425341745194,2.0
10674,99857,1.0,1.0
10674,99757,0.003090177552286144,9.0
10674,431814,0.024020383669303095,8.0
10674,363043,0.0,10.0
3683,276975,1.0,1.0
3683,105973,0.7798699951834159,2.0
3683,421538,0.19424049356099532,7.0
3683,522713,0.6518067340830996,3.0
3683,303977,0.24328268604635425,6.0
3683,178521,0.3443353270640565,5.0
3683,500460,0.4375794960104594,4.0
3683,116865,0.012151149529701595,9.0
3683,158717,0.0,10.0
3683,349866,0.17510961805619904,8.0
928,394460,0.5378809851110126,2.0
928,349866,1.0,1.0
928,400009,0.20450843688311598,6.0
928,573276,0.08648583242855909,9.0
928,490443,0.16210129084036373,7.0
928,305509,0.0,10.0
928,11572,0.5126686832578794,3.0
928,253563,0.14394326521547954,8.0
928,422770,0.47163588511565335,4.0
928,409573,0.345554973784926,5.0
5054,21311,0.7028284157913414,4.0
5054,485863,0.5972930231874549,6.0
5054,542521,0.501663628250336,7.0
5054,144660,0.0,10.0
5054,307113,0.37619599337129145,8.0
5054,305901,0.7636697169675722,3.0
5054,406457,0.9064584957586259,2.0
5054,366219,0.038002866136020406,9.0
5054,340131,1.0,1.0
5054,15172,0.6716547873846751,5.0
6554,583203,1.0,1.0
6554,226967,0.29763801569780923,3.0
6554,377429,0.0,10.0
6554,122012,0.3785901843157198,2.0
6554,403755,0.05675423282680083,9.0
6554,574327,0.17705361522255605,6.0
6554,275902,0.13565320532082095,7.0
6554,536120,0.19389518418294066,5.0
6554,480315,0.21072600066739725,4.0
6554,21103,0.06141631427001985,8.0
7377,579557,1.0,1.0
7377,6666,0.22434020330461274,7.0
7377,328086,0.0,10.0
7377,345895,0.19919017989018337,8.0
7377,293679,0.7881552721305992,3.0
7377,81304,0.4871511200660879,5.0
7377,172703,0.8238834134398265,2.0
7377,17208,0.6098368363034783,4.0
7377,505027,0.06992417060745466,9.0
7377,453542,0.4176308487339455,6.0
1309,15824,0.6619857900147014,3.0
1309,438869,0.7256204099783297,2.0
1309,279845,0.18171912385965028,8.0
1309,266319,0.19495650368529166,7.0
1309,110386,0.10208644796620348,9.0
1309,366594,0.5189524286669565,4.0
1309,443795,0.0,10.0
1309,135415,0.3609376659293871,6.0
1309,16778,0.3844253336425152,5.0
1309,471630,1.0,1.0
8351,273142,1.0,1.0
8351,469776,0.618618755535273,3.0
8351,171720,0.4199044881040122,7.0
8351,213331,0.04066087739897291,9.0
8351,528132,0.4418222786803457,6.0
8351,191977,0.0,10.0
8351,71873,0.616760665791245,4.0
8351,405374,0.6421542682025004,2.0
8351,568526,0.38836330661333485,8.0
8351,304009,0.5667910826528485,5.0
6441,254279,1.0,1.0
6441,156029,0.9630627715642155,2.0
6441,28314,0.7469739218278955,3.0
6441,529993,0.06098691935915013,8.0
6441,87722,0.28757024170033624,6.0
6441,536120,0.31315030548051853,5.0
6441,593644,0.0,10.0
6441,108721,0.009434745771506688,9.0
6441,174619,0.3696041818088735,4.0
6441,90712,0.20317396555366007,7.0
4837,426223,0.39709209421522146,5.0
4837,95778,0.9322125786305182,3.0
4837,565330,0.25958191150836696,7.0
4837,159936,0.7081345281042709,4.0
4837,187739,1.0,1.0
4837,254454,0.19052742354679797,8.0
4837,167896,0.0,10.0
4837,565698,0.28500817744876117,6.0
4837,275410,0.11421962612729289,9.0
4837,274870,0.9750367578511642,2.0
9871,553288,0.5002098756043232,6.0
9871,76562,1.0,1.0
9871,322771,0.5209206345057495,4.0
9871,240645,0.3842620546784298,7.0
9871,547301,0.5051286314223256,5.0
9871,213755,0.08214808606448232,9.0
9871,488366,0.5518123109920421,3.0
9871,305907,0.812600236824977,2.0
9871,172718,0.16085634720899594,8.0
9871,271832,0.0,10.0
3067,423403,1.0,1.0
3067,372921,0.5798191064568328,5.0
3067,578488,0.6584371769876007,3.0
3067,104726,0.7253172637110502,2.0
3067,104788,0.4020036184435788,9.0
3067,582005,0.5508831911100946,6.0
3067,467135,0.6373938857113491,4.0
3067,318473,0.0,10.0
3067,187739,0.4456502691572841,8.0
3067,167896,0.46084141442033716,7.0
5741,124219,0.7626183668981581,3.0
5741,328086,0.22990861844083105,7.0
5741,43781,0.17225570069896184,8.0
5741,259081,1.0,1.0
5741,568200,0.32026344065537976,6.0
5741,107688,0.5538071856957835,4.0
5741,301224,0.5386042135422737,5.0
5741,329337,0.01991246605691111,9.0
5741,136825,0.8854148752438254,2.0
5741,437427,0.0,10.0
3566,45029,0.5364062926517146,5.0
3566,195191,0.40236749010321354,7.0
3566,149306,0.5256830664370113,6.0
3566,408123,0.6869022934786769,2.0
3566,152286,1.0,1.0
3566,519390,0.0048027639970350065,9.0
3566,65782,0.0,10.0
3566,595211,0.16023975126738035,8.0
3566,317493,0.685641910378814,3.0
3566,284075,0.5521141128817587,4.0
5862,562511,1.0,1.0
5862,21194,0.923925994268535,2.0
5862,273947,0.16134410747091849,8.0
5862,170141,0.8369468194267718,4.0
5862,29790,0.24264497166378596,7.0
5862,253563,0.784959874973272,5.0
5862,269898,0.9116054662051641,3.0
5862,346042,0.6282858713461307,6.0
5862,258465,0.06197681897658461,9.0
5862,78176,0.0,10.0
8779,209730,1.0,1.0
8779,180571,0.6488332486132962,2.0
8779,17166,0.4000297415033346,3.0
8779,213591,0.20893150296265106,7.0
8779,279538,0.15778065703511457,9.0
8779,72160,0.35546544254393697,4.0
8779,319954,0.17300659682490901,8.0
8779,452870,0.29378572189376095,5.0
8779,491964,0.26266957853482936,6.0
8779,214901,0.0,10.0
4714,505057,0.9647715922192643,2.0
4714,584450,1.0,1.0
4714,324833,0.769609100884715,3.0
4714,184506,0.34203923214450127,4.0
4714,295980,0.27740791236176976,7.0
4714,249450,0.3328111110194902,5.0
4714,118374,0.26860982614627993,8.0
4714,424585,0.007692966468294373,9.0
4714,473809,0.0,10.0
4714,46211,0.3263093157601764,6.0
7311,125355,0.4973120056358308,4.0
7311,279897,0.475245817122471,5.0
7311,183349,0.02136291455949554,9.0
7311,523279,0.0,10.0
7311,33576,0.18647925271264285,7.0
7311,215154,0.41302044475803573,6.0
7311,344267,1.0,1.0
7311,238421,0.871975016613638,2.0
7311,334696,0.7381948845142168,3.0
7311,100485,0.02831358424126555,8.0
109,73427,1.0,1.0
109,213331,0.09134031477674874,7.0
109,538023,0.37145317103601355,4.0
109,461084,0.08634832515054221,8.0
109,563025,0.6834458812208146,2.0
109,406457,0.05247365218350663,9.0
109,342212,0.2589887965718226,6.0
109,535705,0.30914403467807394,5.0
109,547301,0.6089930822624446,3.0
109,18509,0.0,10.0
570,21311,0.6514192024758816,6.0
570,103593,0.1324272197650687,8.0
570,232199,0.0,10.0
570,341493,0.9750464551271179,3.0
570,565684,0.08494612780447079,9.0
570,156358,0.6819777413206376,5.0
570,79888,0.8170862445768864,4.0
570,335991,1.0,1.0
570,349384,0.4533458239690735,7.0
570,17166,0.9760803763006944,2.0
6959,301570,0.615158027717771,6.0
6959,69790,1.0,1.0
6959,293767,0.5154420512747265,8.0
6959,482415,0.0,10.0
6959,330041,0.7177398733952018,5.0
6959,88813,0.8747487486371754,2.0
6959,427726,0.6018015173854274,7.0
6959,266480,0.4744769680246174,9.0
6959,431814,0.7644669517657323,4.0
6959,231781,0.7730809790427573,3.0
90,56718,0.7170057678432296,3.0
90,150219,0.5459260268787444,5.0
90,31793,1.0,1.0
90,385073,0.5894897154269062,4.0
90,234436,0.7879341869365001,2.0
90,153541,0.4270943276673657,6.0
90,172594,0.22966140904952928,8.0
90,366830,0.0,10.0
90,34731,0.26599662623591036,7.0
90,314898,0.12281226790327837,9.0
5064,2003,1.0,1.0
5064,455614,0.5977326950544012,5.0
5064,135514,0.0,10.0
5064,192811,0.5796558083052705,7.0
5064,551423,0.6914112752752033,4.0
5064,414288,0.5826051688726184,6.0
5064,377223,0.7046275770423213,3.0
5064,393278,0.08168717575771295,9.0
5064,524888,0.2054019474854752,8.0
5064,176498,0.713313186285281,2.0
4103,307380,0.8581664963424794,2.0
4103,29073,1.0,1.0
4103,577578,0.8142009394941433,3.0
4103,482415,0.7949562724210167,4.0
4103,175265,0.40132660397577624,7.0
4103,370879,0.4922430267456574,6.0
4103,163590,0.02153774181171115,9.0
4103,133093,0.17968430836169647,8.0
4103,169921,0.0,10.0
4103,192193,0.5112550553998563,5.0
1198,56718,1.0,1.0
1198,232199,0.28870978359788235,3.0
1198,175272,0.26702443284901534,4.0
1198,103593,0.08245549515441174,9.0
1198,366761,0.18758870517640666,8.0
1198,105872,0.32123098026581626,2.0
1198,467390,0.22620534026571293,6.0
1198,352120,0.20830910531216332,7.0
1198,58937,0.24835267795503474,5.0
1198,434769,0.0,10.0
4539,32744,0.7608124457275804,3.0
4539,61792,0.43560068088981324,5.0
4539,275925,1.0,1.0
4539,61346,0.6863891454298202,4.0
4539,370879,0.07739184536143813,9.0
4539,426461,0.2674951860848749,6.0
4539,235522,0.11140680148215988,8.0
4539,440270,0.0,10.0
4539,83330,0.8703476625456276,2.0
4539,572272,0.2558452096693942,7.0
9391,248158,0.6855775172874565,2.0
9391,136270,0.24783086782087868,7.0
9391,108859,0.16650358707805363,9.0
9391,136515,1.0,1.0
9391,142631,0.5557675539559446,4.0
9391,301580,0.5592230265861189,3.0
9391,127263,0.25408666422253495,6.0
9391,105973,0.0,10.0
9391,429579,0.2336961978991321,8.0
9391,163590,0.32473211686769987,5.0
4600,577578,0.9226682401866918,2.0
4600,61792,0.3824648305442753,7.0
4600,482415,1.0,1.0
4600,257633,0.6034623695193023,4.0
4600,133093,0.39374546696793095,6.0
4600,76515,0.0,10.0
4600,367137,0.7093025677727903,3.0
4600,214542,0.0881572800132424,9.0
4600,34925,0.5455725789378378,5.0
4600,275257,0.34821191852565025,8.0
3735,125659,0.7321073528297967,3.0
3735,93231,0.6198401760042624,4.0
3735,537418,0.5304464351872907,6.0
3735,330041,0.82400621873464,2.0
3735,344065,0.34291276427366474,8.0
3735,511093,0.1708136214276933,9.0
3735,32290,1.0,1.0
3735,504996,0.3755115404137092,7.0
3735,266900,0.586467270755478,5.0
3735,40447,0.0,10.0
5422,483299,0.2508229781646438,7.0
5422,108,0.0,10.0
5422,55022,0.18208258617917072,9.0
5422,528034,0.37634739626474434,5.0
5422,81304,0.27209266224510514,6.0
5422,259081,1.0,1.0
5422,579235,0.9064723488727051,2.0
5422,136270,0.6940588087763991,4.0
5422,22221,0.22306180743553217,8.0
5422,124219,0.8307763314864296,3.0
744,573276,0.9809631283577415,2.0
744,138845,0.15123113609583133,9.0
744,409573,0.23492854747580424,8.0
744,171339,0.5478384217241427,4.0
744,289231,1.0,1.0
744,273528,0.3490096434270491,7.0
744,172305,0.0,10.0
744,350819,0.39657751359045856,5.0
744,120852,0.3934600659076654,6.0
744,118280,0.7104793613413903,3.0
515,372909,1.0,1.0
515,328341,0.8300711892090193,4.0
515,431685,0.8650196818865672,3.0
515,352838,0.9694321373662208,2.0
515,231614,0.6314484144257237,5.0
515,195081,0.3435601279771898,6.0
515,98112,0.13264620602964278,9.0
515,60443,0.15938003274382248,8.0
515,123733,0.0,10.0
515,360011,0.16092409388836318,7.0
2443,331253,0.5525297808815599,8.0
2443,44609,0.6518112992282403,6.0
2443,305579,0.9776399058483338,2.0
2443,306800,0.8179427559686248,4.0
2443,446647,0.8934023000343354,3.0
2443,313437,0.0,10.0
2443,426216,1.0,1.0
2443,208051,0.574580017103006,7.0
2443,305907,0.6992032371285032,5.0
2443,510130,0.2869647215866699,9.0
4265,157553,1.0,1.0
4265,392163,0.6888572418002565,4.0
4265,584273,0.6326578081684989,5.0
4265,149974,0.4072171851135959,7.0
4265,523158,0.0,10.0
4265,140947,0.7660766969274647,3.0
4265,386229,0.031223915723952684,9.0
4265,575729,0.24452794899271107,8.0
4265,93881,0.7785177035682158,2.0
4265,577517,0.4968581891825468,6.0
4865,223032,0.283944868676727,7.0
4865,370569,1.0,1.0
4865,251824,0.5704583022698122,3.0
4865,435963,0.6769825090694712,2.0
4865,508821,0.33513168541075833,6.0
4865,481166,0.4844548834964366,5.0
4865,305117,0.5092304628443168,4.0
4865,110515,0.18693847810078712,8.0
4865,565698,0.0,10.0
4865,585738,0.0083757941110998,9.0
2968,187196,0.6061336117988775,3.0
2968,388646,1.0,1.0
2968,242124,0.9107372335583255,2.0
2968,176498,0.0,10.0
2968,198371,0.5452241903001285,4.0
2968,583640,0.38526560615947053,5.0
2968,280967,0.1706888788498724,8.0
2968,287991,0.2208586876775496,7.0
2968,455398,0.07871006436644049,9.0
2968,329757,0.22450126642955862,6.0
7221,305117,0.5794221181163666,5.0
7221,473809,0.9932874948480467,2.0
7221,481166,0.6865527901463699,3.0
7221,71873,0.428867784750663,9.0
7221,537418,0.6202825666644541,4.0
7221,307315,0.0,10.0
7221,81542,0.5443205149638132,6.0
7221,452175,0.49521303484685175,7.0
7221,570664,0.4819174786175715,8.0
7221,77652,1.0,1.0
2407,2064,1.0,1.0
2407,78176,0.8233623718259632,3.0
2407,173929,0.8561730046657783,2.0
2407,516444,0.4129036678401353,7.0
2407,255491,0.5536610247372459,6.0
2407,273528,0.7755211371262911,4.0
2407,514425,0.2894535086295463,8.0
2407,367641,0.050660834724910786,9.0
2407,566480,0.7572133643454017,5.0
2407,63678,0.0,10.0
3039,136804,1.0,1.0
3039,467390,0.7272744660140562,4.0
3039,147080,0.9392412855558957,2.0
3039,387010,0.6193579641997724,7.0
3039,442110,0.5213462564097205,8.0
3039,483274,0.0,10.0
3039,510409,0.7657828572877974,3.0
3039,106501,0.629224197665153,6.0
3039,4947,0.4748856269164502,9.0
3039,398622,0.6926957582475193,5.0
1748,18001,1.0,1.0
1748,528564,0.8366803860983817,2.0
1748,418135,0.6070485926773092,5.0
1748,462892,0.56717251599514,6.0
1748,298427,0.6153431966287364,4.0
1748,429378,0.19829923316531067,8.0
1748,223206,0.0857632596547055,9.0
1748,517372,0.20262805851060267,7.0
1748,171780,0.0,10.0
1748,124027,0.6195253352643834,3.0
10547,404339,1.0,1.0
10547,536120,0.15805171100615076,8.0
10547,272008,0.5951994707875478,3.0
10547,4666,0.05784941744877408,9.0
10547,597351,0.41260126303366723,5.0
10547,112714,0.7615821372592361,2.0
10547,32290,0.317059285290114,6.0
10547,23609,0.5708489007819657,4.0
10547,392037,0.0,10.0
10547,491969,0.3137866828981703,7.0
10596,164008,0.5472233648836257,4.0
10596,284235,0.6526868709950462,2.0
10596,208070,1.0,1.0
10596,413041,0.2424991771524956,8.0
10596,316838,0.4320042907985241,6.0
10596,494727,0.4510754465893411,5.0
10596,394244,0.6083886009777655,3.0
10596,127452,0.3418502851978799,7.0
10596,69197,0.0,10.0
10596,169062,0.22315901492644333,9.0
5061,352838,0.4159445683024695,6.0
5061,242124,0.45921945364171485,5.0
5061,329757,0.19485551315256253,9.0
5061,447353,0.36003789732786873,8.0
5061,149974,0.7957918118383046,3.0
5061,380863,0.7196441538261541,4.0
5061,261189,1.0,1.0
5061,46755,0.9886653648981771,2.0
5061,158845,0.0,10.0
5061,287991,0.3837368955618006,7.0
853,510373,0.5874547569131245,3.0
853,510409,1.0,1.0
853,314984,0.4856611773544784,6.0
853,106501,0.547166114650332,4.0
853,263361,0.005379872933509672,9.0
853,131996,0.0,10.0
853,72402,0.17068691222291488,7.0
853,150219,0.5434870207459083,5.0
853,582864,0.8647444582674884,2.0
853,303929,0.022271566541824654,8.0
6803,544053,1.0,1.0
6803,193012,0.8502355752766046,2.0
6803,42620,0.6060376109988501,3.0
6803,316045,0.0,10.0
6803,271243,0.30996989459649527,5.0
6803,10703,0.21489567627697165,7.0
6803,142726,0.5368579931279426,4.0
6803,78675,0.18466751863179542,8.0
6803,60355,0.2902650629559731,6.0
6803,272784,0.1485317932729347,9.0
6644,187497,1.0,1.0
6644,572842,0.22311330560909162,7.0
6644,308837,0.3579484813899077,4.0
6644,426216,0.238588690710216,6.0
6644,578954,0.5523646462787131,2.0
6644,305907,0.33021578986333033,5.0
6644,293687,0.10124273817049444,9.0
6644,373271,0.5388982842494886,3.0
6644,31793,0.0,10.0
6644,238421,0.140807268989924,8.0
699,107092,1.0,1.0
699,169688,0.0,10.0
699,68357,0.1345662609599203,7.0
699,446679,0.5823102575850856,2.0
699,385658,0.11693836297431127,8.0
699,472924,0.48611473490306406,4.0
699,521010,0.5709201418315113,3.0
699,586920,0.10490457914865858,9.0
699,414598,0.17131268993013524,6.0
699,96538,0.3693915759625162,5.0
549,214024,1.0,1.0
549,67167,0.6893523596069699,2.0
549,446647,0.0,10.0
549,546020,0.4626897195763189,5.0
549,73427,0.3749548404279114,6.0
549,547301,0.24910177653217289,8.0
549,563025,0.059338307512779895,9.0
549,397449,0.3301910221959279,7.0
549,449630,0.5784387664984578,3.0
549,443795,0.5321118659743818,4.0
904,415514,1.0,1.0
904,85229,0.4533612105834166,2.0
904,433905,0.1469138612336315,8.0
904,120852,0.15553899448005912,7.0
904,101369,0.30605202665813747,3.0
904,359579,0.2167175026535409,6.0
904,169824,0.293693282951447,5.0
904,320579,0.30547431218918086,4.0
904,75235,0.0,10.0
904,29360,0.07707417801172788,9.0
2590,583635,0.5267117692581365,4.0
2590,296528,1.0,1.0
2590,55999,0.7104933436117581,3.0
2590,307095,0.4226644057364322,7.0
2590,209493,0.7540140861979364,2.0
2590,106424,0.12321934140046538,9.0
2590,471964,0.4433241665575796,5.0
2590,387010,0.0,10.0
2590,26203,0.44014755438364883,6.0
2590,454222,0.3761470734771158,8.0
1451,538005,1.0,1.0
1451,559482,0.0,10.0
1451,98112,0.7551334105769376,2.0
1451,377571,0.18911723933347493,9.0
1451,313437,0.2615076198506337,7.0
1451,94689,0.3414561678395639,5.0
1451,433809,0.7275454045182866,3.0
1451,522481,0.2239702406743855,8.0
1451,51729,0.2815786731836546,6.0
1451,440910,0.5005314701266599,4.0
5790,469776,0.36492714396541565,5.0
5790,97348,0.5796598035736275,3.0
5790,101369,0.0,10.0
5790,363810,0.03082206135289289,9.0
5790,141738,0.8262591228674997,2.0
5790,241136,1.0,1.0
5790,305287,0.5080284424760972,4.0
5790,277353,0.21507027151521732,6.0
5790,149305,0.17128361126102065,7.0
5790,75235,0.03622857999805358,8.0
7295,435125,0.4040467429265862,8.0
7295,403755,0.13288888478682262,9.0
7295,93971,0.545009644983211,6.0
7295,193398,0.5142565872967759,7.0
7295,39478,1.0,1.0
7295,513258,0.9515015144924414,2.0
7295,456470,0.6039453695083339,5.0
7295,115553,0.7736044787303402,3.0
7295,3118,0.655411386372297,4.0
7295,102436,0.0,10.0
5083,142876,0.965895161839313,2.0
5083,13975,0.8419115605246364,3.0
5083,368802,1.0,1.0
5083,433197,0.5753635680216821,4.0
5083,333184,0.3957572332434321,8.0
5083,21103,0.0,10.0
5083,579473,0.47432982201128276,7.0
5083,305360,0.15107514627515645,9.0
5083,20958,0.5114040602956798,6.0
5083,19183,0.5738011382697535,5.0
7936,363043,0.787578066678317,2.0
7936,336541,1.0,1.0
7936,293767,0.6219472728689559,6.0
7936,320101,0.7565840832179761,3.0
7936,43087,0.6712390756980329,4.0
7936,561884,0.6352307544491039,5.0
7936,416307,0.5808736181724645,7.0
7936,187404,0.17580105899505832,9.0
7936,127585,0.0,10.0
7936,214003,0.2510484217297425,8.0
8296,78675,1.0,1.0
8296,79998,0.8471517134024701,2.0
8296,146315,0.017476826412094144,8.0
8296,180571,0.0,10.0
8296,26203,0.2143735617951033,5.0
8296,371720,0.28328056196806356,4.0
8296,61962,0.3098607754697631,3.0
8296,392037,0.17023306632708043,7.0
8296,99757,0.00021662981177229845,9.0
8296,3118,0.21001262660488848,6.0
475,431685,0.9196021810929825,2.0
475,88124,0.8158797036088632,3.0
475,366761,1.0,1.0
475,232199,0.28489786252646937,8.0
475,60637,0.0,10.0
475,328341,0.5614951835417265,6.0
475,352640,0.6455983414765776,5.0
475,232563,0.4793923717708664,7.0
475,433,0.12237451497540008,9.0
475,372909,0.7016291344632497,4.0
3759,384631,0.18944595654385749,9.0
3759,152250,0.25290559676085506,8.0
3759,105634,0.8491257001346911,3.0
3759,414188,1.0,1.0
3759,101369,0.4032921904324451,7.0
3759,445794,0.0,10.0
3759,405217,0.8061639692650505,4.0
3759,264800,0.6744539004790789,6.0
3759,130877,0.9294187477350193,2.0
3759,146181,0.799574068327602,5.0
4615,596196,0.8559746119289297,5.0
4615,425595,0.7248705667870263,7.0
4615,69523,0.9966676951481153,2.0
4615,496427,1.0,1.0
4615,261900,0.8870392989610878,4.0
4615,226060,0.5655211411984528,8.0
4615,421365,0.9103443494541432,3.0
4615,19179,0.7588829331223823,6.0
4615,341493,0.04898442320057499,9.0
4615,15891,0.0,10.0
8874,403025,1.0,1.0
8874,251704,0.6441300364086588,2.0
8874,527231,0.5250327298848244,3.0
8874,66631,0.0,10.0
8874,357685,0.03547186651459516,9.0
8874,370569,0.28736316836047154,6.0
8874,556976,0.09113834302493447,8.0
8874,349160,0.23252114522029638,7.0
8874,319793,0.4118269431785427,5.0
8874,571362,0.4259762083192416,4.0
26,399013,0.5673844822681072,5.0
26,528132,0.6432188750647789,2.0
26,409611,0.37999014085030625,8.0
26,565330,0.4210802101692219,7.0
26,563025,1.0,1.0
26,2064,0.6426528156136783,3.0
26,401254,0.6015364410815707,4.0
26,452544,0.0,10.0
26,367641,0.43000447479676346,6.0
26,71898,0.3476260154830054,9.0
3875,249859,1.0,1.0
3875,136315,0.7427093986691617,2.0
3875,442110,0.45674749391305985,4.0
3875,571258,0.429963425517287,5.0
3875,158185,0.2752087657207005,8.0
3875,426570,0.5299083021150679,3.0
3875,76515,0.2784790167199415,7.0
3875,143100,0.06808631743433077,9.0
3875,518406,0.2958349767866788,6.0
3875,414288,0.0,10.0
6835,159703,0.4374298246518966,4.0
6835,246221,0.2877130280189141,7.0
6835,149305,1.0,1.0
6835,195767,0.3672367492875599,5.0
6835,403755,0.3174664862873413,6.0
6835,592636,0.0,10.0
6835,108721,0.09357900826706955,9.0
6835,238629,0.5072745504479306,3.0
6835,196427,0.509285527357551,2.0
6835,467575,0.21055835654181576,8.0
4433,301580,0.8436175932664796,3.0
4433,172703,0.40309250374303734,9.0
4433,539263,0.8500193890029873,2.0
4433,297290,1.0,1.0
4433,21311,0.464576575657886,6.0
4433,379311,0.5408934114708873,5.0
4433,453542,0.0,10.0
4433,451855,0.427402950169264,7.0
4433,146181,0.8142168309446337,4.0
4433,536120,0.40732021249425804,8.0
5374,115553,0.276624286754265,9.0
5374,92267,1.0,1.0
5374,251704,0.6196481238662739,7.0
5374,44601,0.3446698539863032,8.0
5374,60175,0.7544366514926526,4.0
5374,294295,0.0,10.0
5374,99857,0.7689511006985413,3.0
5374,537418,0.7426155721111649,5.0
5374,576564,0.689011196572325,6.0
5374,186453,0.7941683489415966,2.0
6221,529551,0.8099519898525446,4.0
6221,551423,0.9704099254796258,2.0
6221,240261,0.7350856191533216,5.0
6221,128698,0.7245747264943712,6.0
6221,270856,1.0,1.0
6221,66901,0.0,10.0
6221,578488,0.5302441097193594,8.0
6221,384626,0.945811320754717,3.0
6221,405352,0.6774232757253845,7.0
6221,494753,0.206745806247027,9.0
672,593283,1.0,1.0
672,563025,0.960689075655037,2.0
672,213370,0.8085329411133624,4.0
672,40966,0.7642783750398858,5.0
672,273947,0.8515003280276844,3.0
672,15824,0.7350569518366142,6.0
672,67167,0.45879722506459636,8.0
672,170141,0.2703741229936993,9.0
672,201800,0.0,10.0
672,494689,0.6456185768925834,7.0
2593,231614,0.6736005036347801,5.0
2593,169688,0.0,10.0
2593,147343,0.8502502679517574,3.0
2593,73427,0.4651782291807717,6.0
2593,528132,1.0,1.0
2593,399013,0.38247568560955914,8.0
2593,387573,0.6908141219839007,4.0
2593,449630,0.9071040057019327,2.0
2593,394460,0.27253337860387533,9.0
2593,171339,0.4641294953075602,7.0
4019,287991,0.9200983463377552,3.0
4019,553288,0.8758016807790353,5.0
4019,332749,1.0,1.0
4019,94423,0.14407858427162232,9.0
4019,561056,0.6924048715946032,6.0
4019,448699,0.4838856266382361,7.0
4019,377223,0.9309666704712574,2.0
4019,126134,0.0,10.0
4019,1164,0.3654451788744953,8.0
4019,468879,0.8956596785378337,4.0
7205,370569,0.661716078240275,2.0
7205,159966,1.0,1.0
7205,186453,0.4321886179486337,5.0
7205,100103,0.24853023940066407,9.0
7205,62151,0.28046788172544984,8.0
7205,565926,0.5598398264295962,3.0
7205,336541,0.354258090533509,6.0
7205,442048,0.5100972376160039,4.0
7205,558370,0.0,10.0
7205,12432,0.32681927016614487,7.0
6611,329425,0.2825044895701883,7.0
6611,293679,1.0,1.0
6611,142631,0.046430204012338015,9.0
6611,39819,0.13695764209717898,8.0
6611,81304,0.40159934405161735,6.0
6611,198764,0.855805390500391,2.0
6611,297290,0.46974438929282775,4.0
6611,17208,0.4018451952701017,5.0
6611,112208,0.5776073488187338,3.0
6611,345533,0.0,10.0
7911,131996,0.8872648228401809,2.0
7911,57711,1.0,1.0
7911,553304,0.38515012694589373,6.0
7911,69197,0.3068312922939179,7.0
7911,386173,0.0,10.0
7911,506617,0.560531586072235,3.0
7911,597401,0.3996159353642092,5.0
7911,543714,0.29133960016319504,8.0
7911,116647,0.16879282699257617,9.0
7911,385574,0.48725720585850796,4.0
7463,577951,1.0,1.0
7463,387277,0.39097422730083886,8.0
7463,176498,0.5048781650158988,7.0
7463,423403,0.8744060292783775,2.0
7463,565698,0.0,10.0
7463,328086,0.09816217090347318,9.0
7463,350145,0.5930220299979339,4.0
7463,216384,0.5680470451713916,5.0
7463,188015,0.5467959269002393,6.0
7463,528034,0.7572297172852771,3.0
4999,9938,1.0,1.0
4999,305117,0.4477476360633154,4.0
4999,46211,0.7030918740111969,2.0
4999,350680,0.45488443121712757,3.0
4999,216327,0.13106123092102293,7.0
4999,411061,0.0016918277666757933,9.0
4999,406185,0.19125098736837798,5.0
4999,13657,0.0,10.0
4999,580920,0.09998911303998166,8.0
4999,222153,0.17403840287035496,6.0
7344,14368,1.0,1.0
7344,418150,0.7039133547120378,2.0
7344,327978,0.3912158378400436,5.0
7344,392851,0.4398738671665152,4.0
7344,301224,0.11328671990889748,9.0
7344,39247,0.4521258450776482,3.0
7344,527231,0.22543336034145772,8.0
7344,72652,0.32849090138690773,6.0
7344,58753,0.0,10.0
7344,266319,0.3131298695008111,7.0
7705,377429,0.6331365433558218,4.0
7705,539263,1.0,1.0
7705,480315,0.7768543093120356,2.0
7705,467575,0.3567443867960771,9.0
7705,172703,0.38355130683225436,8.0
7705,536120,0.6158058902637787,5.0
7705,87722,0.5367588182041781,7.0
7705,345199,0.0,10.0
7705,96926,0.5576901548350154,6.0
7705,387277,0.6459067512977321,3.0
1815,372909,0.7577199104658092,2.0
1815,446928,1.0,1.0
1815,363591,0.6856254460682653,4.0
1815,432080,0.5349474452251263,7.0
1815,88124,0.5809932304775178,5.0
1815,457701,0.7106353171855216,3.0
1815,328341,0.569274156641469,6.0
1815,528522,0.26600395926519327,9.0
1815,539133,0.4202067746657544,8.0
1815,459677,0.0,10.0
7467,193312,1.0,1.0
7467,371720,0.8368038124326315,2.0
7467,26203,0.3222099633290157,6.0
7467,457532,0.5690131593156965,4.0
7467,55999,0.18119092762248348,7.0
7467,428017,0.5190696143418285,5.0
7467,435963,0.586095736616476,3.0
7467,431814,0.0,10.0
7467,253024,0.11467096064928105,8.0
7467,99757,0.04746154581929847,9.0
8013,198349,0.4248605816623721,8.0
8013,383978,1.0,1.0
8013,374151,0.45276246767307704,7.0
8013,244433,0.8745890806366386,2.0
8013,251824,0.595412224755648,6.0
8013,241101,0.6445912566721317,5.0
8013,398123,0.6783984059794712,4.0
8013,31793,0.0,10.0
8013,498378,0.7131862863986674,3.0
8013,588247,0.33029746304179913,9.0
1415,66246,0.6464158948020079,3.0
1415,306144,0.6461781497805367,4.0
1415,393953,0.7966722150282719,2.0
1415,591940,0.386696545393239,6.0
1415,387165,1.0,1.0
1415,583956,0.3474944300052109,8.0
1415,110515,0.0,10.0
1415,318266,0.39347103184712634,5.0
1415,183612,0.21117903197443194,9.0
1415,232063,0.36931417234592717,7.0
7758,480315,0.3857897098802076,3.0
7758,574327,1.0,1.0
7758,69696,0.1469967766943665,5.0
7758,112714,0.6209815440611757,2.0
7758,379311,0.036445332641742864,9.0
7758,122432,0.08002035214843863,7.0
7758,322826,0.11102668036847813,6.0
7758,112208,0.0,10.0
7758,17923,0.1925733600795366,4.0
7758,172703,0.07657087748513637,8.0
1915,306144,0.678309889864287,4.0
1915,182168,0.440098289315595,8.0
1915,78176,0.0,10.0
1915,393953,1.0,1.0
1915,140038,0.5160923752624074,7.0
1915,583956,0.7892517741310887,2.0
1915,318266,0.6446588715619588,5.0
1915,66246,0.7705708796691166,3.0
1915,505580,0.12158243214728932,9.0
1915,591940,0.6036421654537139,6.0
4415,108859,0.0,10.0
4415,32744,0.576139825618993,8.0
4415,61792,0.6777793175769946,6.0
4415,370879,0.6566431328245976,7.0
4415,14926,1.0,1.0
4415,244427,0.8543361791188104,4.0
4415,399751,0.7414086998273479,5.0
4415,147646,0.9785726749333459,2.0
4415,309550,0.9256640509551456,3.0
4415,235522,0.34640900247135986,9.0
10482,201495,0.9149166385075646,3.0
10482,439757,1.0,1.0
10482,387277,0.8593299646562303,4.0
10482,518379,0.7650766571794398,6.0
10482,175821,0.7999233273324928,5.0
10482,142696,0.47324032322384524,7.0
10482,535317,0.20700818887792455,9.0
10482,364575,0.0,10.0
10482,72402,0.4165826831824234,8.0
10482,34925,0.9213482268385044,2.0
2296,119298,0.9207198272013948,2.0
2296,279897,0.7513566963193662,4.0
2296,460357,0.15485899561672556,9.0
2296,396853,0.8680008102663457,3.0
2296,577201,0.4820489581493755,6.0
2296,410119,0.1581827881366068,8.0
2296,275410,0.0,10.0
2296,120090,0.5305912887635522,5.0
2296,169688,0.3696739378840995,7.0
2296,175982,1.0,1.0
6787,58290,0.3661603069910448,6.0
6787,456436,0.2876850267018242,7.0
6787,124230,0.4869596545423945,3.0
6787,457294,0.4135357727185653,5.0
6787,261189,0.14043569900388356,9.0
6787,220022,0.15060985216852,8.0
6787,382381,0.4271697613529564,4.0
6787,552707,0.540722620888097,2.0
6787,309555,0.0,10.0
6787,223070,1.0,1.0
2857,117451,1.0,1.0
2857,123659,0.5614974670007155,7.0
2857,590917,0.8359693722625307,4.0
2857,295864,0.5780591441764736,6.0
2857,19606,0.6448058269850522,5.0
2857,60175,0.9204993978452585,3.0
2857,348733,0.00027816357272436023,9.0
2857,464502,0.0,10.0
2857,581038,0.9425033193958657,2.0
2857,482335,0.006760377683972616,8.0
753,114418,1.0,1.0
753,51729,0.5434909772865444,6.0
753,581509,0.9078728259643163,2.0
753,72046,0.4717545535378374,7.0
753,466718,0.8759747525344885,3.0
753,504255,0.6636538671716354,4.0
753,297290,0.0,10.0
753,125355,0.37293844374316754,8.0
753,177648,0.5986107351534838,5.0
753,61792,0.1259190355376007,9.0
2676,55666,1.0,1.0
2676,13975,0.4937656284103153,4.0
2676,264408,0.0,10.0
2676,44110,0.3578405386747617,5.0
2676,182168,0.6594448241312888,2.0
2676,313171,0.5583789836659134,3.0
2676,244749,0.12811915970291196,8.0
2676,218845,0.2355250072365709,7.0
2676,279897,0.12452860181326089,9.0
2676,196427,0.28400167767443035,6.0
7456,164008,0.7784035992398393,5.0
7456,494727,0.9453049213189986,3.0
7456,284235,0.9647676961160735,2.0
7456,169062,0.10087529702246045,8.0
7456,413041,0.0,10.0
7456,316838,0.7357474956317507,6.0
7456,112714,0.8996486221048553,4.0
7456,69197,0.05635073829264043,9.0
7456,127452,0.6879986703873272,7.0
7456,394244,1.0,1.0
2579,524471,1.0,1.0
2579,280838,0.570515378438334,3.0
2579,229809,0.18228445956601186,8.0
2579,570155,0.008042313393991585,9.0
2579,263481,0.5438792409974921,4.0
2579,197052,0.7002216140098394,2.0
2579,55064,0.22655187064320123,6.0
2579,579473,0.19936943171468507,7.0
2579,566480,0.2713604577850282,5.0
2579,410119,0.0,10.0
687,506831,0.71545941704097,4.0
687,342258,0.645383767953286,5.0
687,449630,0.6071468197069645,6.0
687,214024,0.6063389962682495,7.0
687,478186,0.9902182151117703,2.0
687,579473,1.0,1.0
687,406457,0.7768052210636351,3.0
687,508895,0.550901890833955,8.0
687,494926,0.0,10.0
687,16670,0.4963379725357131,9.0
2445,431685,1.0,1.0
2445,328341,0.5310057126011676,4.0
2445,352838,0.6394803659463898,3.0
2445,372909,0.5198764665204969,5.0
2445,366761,0.6751603973473558,2.0
2445,195081,0.019353822193813645,9.0
2445,88124,0.2948310551556532,6.0
2445,114418,0.27233147358898435,7.0
2445,360011,0.0,10.0
2445,539133,0.2601902322898993,8.0
2885,17651,0.5457503902910172,7.0
2885,460398,0.9206211774673174,4.0
2885,429579,0.6174399193660141,6.0
2885,516444,0.8451970627476643,5.0
2885,102081,1.0,1.0
2885,540539,0.2432365626567584,9.0
2885,118730,0.9759381233394528,2.0
2885,279865,0.932090032359497,3.0
2885,101453,0.0,10.0
2885,167356,0.41413482260639867,8.0
5264,431814,0.5208117119742941,4.0
5264,42438,0.0,10.0
5264,52579,1.0,1.0
5264,505694,0.7520733011413919,2.0
5264,114439,0.17124008447503228,8.0
5264,580920,0.7175698124254352,3.0
5264,481166,0.1618521162964371,9.0
5264,400841,0.29814738341319824,6.0
5264,371720,0.3364494368833272,5.0
5264,186453,0.2575683942866001,7.0
7633,494727,1.0,1.0
7633,284235,0.5554482627024855,6.0
7633,164008,0.437922576487034,8.0
7633,175831,0.7617789316828195,3.0
7633,228983,0.5910178325805874,5.0
7633,413041,0.0,10.0
7633,112714,0.4860898535609992,7.0
7633,127452,0.7386697529899238,4.0
7633,31465,0.22819471861887372,9.0
7633,394244,0.9378216284835617,2.0
9291,17208,1.0,1.0
9291,480315,0.4781561494092391,7.0
9291,536120,0.8685750646945503,2.0
9291,377429,0.5237073993016345,5.0
9291,539263,0.5445757926788763,3.0
9291,423658,0.4837672600112445,6.0
9291,172703,0.5386940382822323,4.0
9291,345199,0.2092957074517211,8.0
9291,61022,0.0,10.0
9291,328086,0.15591470883974387,9.0
4640,331534,1.0,1.0
4640,367785,0.8102359386822442,2.0
4640,104788,0.7625742064238711,3.0
4640,183612,0.27874225443638123,8.0
4640,526110,0.2789876300776733,7.0
4640,298099,0.6003825901441128,4.0
4640,454810,0.17038798549729847,9.0
4640,153541,0.3752210187478718,6.0
4640,49797,0.0,10.0
4640,468923,0.44981474256865445,5.0
939,366761,0.6653937063157567,2.0
939,466084,0.10390689049226941,8.0
939,31793,0.38103114411387334,5.0
939,392434,1.0,1.0
939,55666,0.03830475298124058,9.0
939,19183,0.42940506178784266,3.0
939,565181,0.1640589959409275,7.0
939,467575,0.0,10.0
939,115333,0.24328504405334378,6.0
939,250702,0.4218005445003899,4.0
1306,387022,0.95844088217926,3.0
1306,266952,0.27720217911560785,7.0
1306,594206,0.9711887214523588,2.0
1306,472243,1.0,1.0
1306,447353,0.40679626718831,5.0
1306,410119,0.2329019291878759,9.0
1306,460457,0.5156393164320383,4.0
1306,18003,0.2663964037294177,8.0
1306,372204,0.0,10.0
1306,583203,0.36944054464915616,6.0
8475,104793,0.7422902107660206,3.0
8475,494655,0.8418967968377511,2.0
8475,240562,1.0,1.0
8475,21311,0.5113880551026404,5.0
8475,437427,0.49473680909306283,6.0
8475,361028,0.0,10.0
8475,51615,0.08158284447774694,9.0
8475,444107,0.6311963998924713,4.0
8475,72402,0.12942252127281137,8.0
8475,174335,0.24905143425888276,7.0
6807,332567,1.0,1.0
6807,402466,0.20080254996386177,5.0
6807,187583,0.15351766774179426,7.0
6807,459351,0.41678970581394187,2.0
6807,535697,0.3089493270636225,3.0
6807,59714,0.16230466200079807,6.0
6807,211622,0.20476028664058768,4.0
6807,11184,0.0,10.0
6807,565765,0.12199004866852825,8.0
6807,93971,0.07700293878994295,9.0
5228,259476,1.0,1.0
5228,158732,0.6305045943952043,3.0
5228,131774,0.7574670122343398,2.0
5228,331534,0.30847851680757715,8.0
5228,341947,0.5191916021829636,5.0
5228,366594,0.48400473885704387,6.0
5228,140038,0.4313135402307435,7.0
5228,156194,0.10368093854064983,9.0
5228,352120,0.6096918286163471,4.0
5228,414534,0.0,10.0
2856,108739,0.41836573623217915,6.0
2856,296769,0.39790633848166296,7.0
2856,346042,0.3839470863742933,8.0
2856,219033,0.43660095020248585,4.0
2856,361028,0.28331776363912814,9.0
2856,23340,0.42784593515123776,5.0
2856,386173,0.0,10.0
2856,231727,0.7622029848343622,2.0
2856,110848,1.0,1.0
2856,213331,0.541997886361369,3.0
3791,212222,1.0,1.0
3791,301570,0.0,10.0
3791,521641,0.14588017360828529,9.0
3791,10790,0.2580074490795912,7.0
3791,197494,0.3614368726804155,5.0
3791,482415,0.6691846039079461,2.0
3791,572272,0.2306798433213685,8.0
3791,34925,0.336220095934527,6.0
3791,440270,0.42501332379616014,4.0
3791,577201,0.6671181276493017,3.0
4514,1642,0.6626611064520284,5.0
4514,156211,1.0,1.0
4514,426270,0.8442333600835352,3.0
4514,317429,0.8580816418140547,2.0
4514,352485,0.7045906456119564,4.0
4514,197222,0.4176978238467449,9.0
4514,117451,0.5099433131630376,7.0
4514,565782,0.4480739648443122,8.0
4514,514417,0.6430099157216043,6.0
4514,134722,0.0,10.0
6122,496166,1.0,1.0
6122,118280,0.29035504046866994,6.0
6122,117274,0.30044764241766264,5.0
6122,305509,0.37885795759887425,4.0
6122,42533,0.42238595513830224,2.0
6122,219504,0.408443975954896,3.0
6122,283072,0.0,10.0
6122,428829,0.25774392225720205,7.0
6122,39819,0.14681836086578706,9.0
6122,102081,0.24580928750959322,8.0
8832,108059,0.06389931216669101,7.0
8832,94689,1.0,1.0
8832,597351,0.25694265176835657,3.0
8832,268289,0.19366119070568755,4.0
8832,170594,0.40829527684544115,2.0
8832,133093,0.09227549429176625,6.0
8832,259317,0.18653609590365544,5.0
8832,234103,0.047348755769853416,8.0
8832,195767,0.010934567160758916,9.0
8832,387141,0.0,10.0
7145,301580,1.0,1.0
7145,379311,0.8340538452438176,3.0
7145,62966,0.0,10.0
7145,297290,0.6919246901802417,4.0
7145,451855,0.07780297097613856,8.0
7145,471964,0.41117546641550606,5.0
7145,453542,0.05009614424181079,9.0
7145,387277,0.20298535131978382,7.0
7145,81458,0.8968643413930073,2.0
7145,172703,0.268578137093128,6.0
7674,164008,0.43171269899060244,5.0
7674,249279,1.0,1.0
7674,367641,0.31460587707745746,6.0
7674,89460,0.828275747768706,2.0
7674,65120,0.5391787426891144,4.0
7674,494295,0.6285286181231865,3.0
7674,223206,0.248252915159607,7.0
7674,452870,0.1658111032353613,8.0
7674,172443,0.1275947941863529,9.0
7674,2064,0.0,10.0
8202,115553,0.494593976758742,8.0
8202,92267,0.8874602821254342,2.0
8202,251704,0.6926538178572963,5.0
8202,514500,0.7531725684874416,4.0
8202,60175,0.46681587177677525,9.0
8202,99857,0.8695786286639523,3.0
8202,186453,1.0,1.0
8202,31465,0.5382772000682803,7.0
8202,59714,0.6138559505187406,6.0
8202,265213,0.0,10.0
3682,233497,0.0,10.0
3682,329662,1.0,1.0
3682,426223,0.2033811595420374,9.0
3682,537418,0.9382651318205688,3.0
3682,388613,0.24421895227942114,8.0
3682,336018,0.9700854111608093,2.0
3682,27401,0.31497356105242486,7.0
3682,281707,0.35649228872718497,6.0
3682,55022,0.3688308557089129,5.0
3682,330041,0.7342472573138954,4.0
3446,323498,1.0,1.0
3446,211839,0.9415672123543157,2.0
3446,31550,0.5528141741820966,3.0
3446,505027,0.5022741031655794,4.0
3446,367785,0.3293734808021833,7.0
3446,204176,0.13601684745491185,9.0
3446,366685,0.4410831036114249,6.0
3446,157702,0.21090498322948914,8.0
3446,241099,0.0,10.0
3446,511386,0.465979635290945,5.0
7592,40966,0.8671493259659137,4.0
7592,273947,0.8930398060079251,3.0
7592,593283,0.8513549465921639,5.0
7592,170141,0.12548425105355387,9.0
7592,208219,0.9801166808708343,2.0
7592,563025,1.0,1.0
7592,73427,0.4378857364124637,8.0
7592,213370,0.69775107126904,7.0
7592,15824,0.7272616384411785,6.0
7592,198349,0.0,10.0
6715,13732,0.9179354904298923,2.0
6715,568526,1.0,1.0
6715,275902,0.28183529966021176,9.0
6715,193312,0.5241053833897991,4.0
6715,518563,0.0,10.0
6715,51729,0.3829245823148944,6.0
6715,457294,0.2979151470522576,7.0
6715,149306,0.4987548919999966,5.0
6715,526110,0.2920912210257684,8.0
6715,113619,0.5417217687919772,3.0
2264,534454,0.8816289364497512,2.0
2264,556976,0.5991743758163873,5.0
2264,244104,1.0,1.0
2264,350819,0.0,10.0
2264,588247,0.0688915773004387,9.0
2264,488574,0.6979328126744658,4.0
2264,31793,0.08949664184942271,7.0
2264,352838,0.08387082854240979,8.0
2264,450808,0.5233987363187954,6.0
2264,498834,0.8387371993560298,3.0
6121,315275,0.6873196750953994,4.0
6121,289231,1.0,1.0
6121,523158,0.0,10.0
6121,184175,0.7308635848916251,3.0
6121,333184,0.24145191126147028,9.0
6121,524801,0.5274319779641964,6.0
6121,235545,0.4849558873494568,7.0
6121,570964,0.2878611880726865,8.0
6121,171339,0.7325730194571831,2.0
6121,344573,0.5419328626277782,5.0
3453,418626,0.9761556108242514,2.0
3453,156211,0.428452658490811,5.0
3453,1642,0.26383143523944635,8.0
3453,296516,0.0,10.0
3453,233635,1.0,1.0
3453,317429,0.5196401325057278,4.0
3453,352485,0.27644664903949945,7.0
3453,565782,0.2955983537890885,6.0
3453,337764,0.24873100590649505,9.0
3453,209804,0.5866260541354171,3.0
6985,561884,0.0254763881227965,9.0
6985,149305,0.37383058181768647,2.0
6985,456436,1.0,1.0
6985,78029,0.256587220759437,6.0
6985,403755,0.0,10.0
6985,538023,0.16459371070447376,7.0
6985,464533,0.12685639947397248,8.0
6985,196427,0.3509296772154976,3.0
6985,54584,0.3035492727026271,5.0
6985,587120,0.30443637602460355,4.0
2181,77245,0.25975649957981367,8.0
2181,234436,0.6086571557023811,5.0
2181,470289,1.0,1.0
2181,136315,0.14583824936702516,9.0
2181,101604,0.6304776803121067,4.0
2181,288189,0.5284566947697691,7.0
2181,391988,0.7549160302096269,2.0
2181,56718,0.745923193414814,3.0
2181,555732,0.5418291560749515,6.0
2181,499782,0.0,10.0
8532,40702,0.41822978812476236,4.0
8532,416307,1.0,1.0
8532,427726,0.0,10.0
8532,543714,0.02293203903524066,9.0
8532,42438,0.835770177838448,2.0
8532,344372,0.270337388849052,6.0
8532,125355,0.2577945723028387,7.0
8532,483299,0.3176248514637577,5.0
8532,100103,0.25579952548183593,8.0
8532,6574,0.8194023767639854,3.0
4312,222639,0.708332974083371,2.0
4312,282435,1.0,1.0
4312,167950,0.6958286748365475,3.0
4312,324779,0.0,10.0
4312,507284,0.32301549437252525,8.0
4312,116647,0.3608521071695683,7.0
4312,218759,0.43965087745244613,6.0
4312,535998,0.12378600102219696,9.0
4312,228341,0.48035375482159287,5.0
4312,535651,0.5682190872775761,4.0
9108,415976,0.0,10.0
9108,123702,0.8858427035871074,4.0
9108,133468,0.12194244047434745,9.0
9108,258291,0.9712273690150369,2.0
9108,461592,0.8259512397749399,5.0
9108,579763,1.0,1.0
9108,472051,0.6177939701499392,7.0
9108,298128,0.6903137940595588,6.0
9108,305579,0.27338791685177555,8.0
9108,22221,0.8913369610632774,3.0
8116,433032,1.0,1.0
8116,319793,0.2332190494160544,7.0
8116,236482,0.718884845454645,2.0
8116,182297,0.1427700202356343,9.0
8116,533457,0.6838000760898914,3.0
8116,403186,0.0,10.0
8116,433197,0.5947109645237304,4.0
8116,38711,0.3378041602457094,6.0
8116,374867,0.45683983855464483,5.0
8116,314478,0.21384844644636394,8.0
9403,243148,0.10235400128336644,8.0
9403,228403,1.0,1.0
9403,175982,0.6628786145951481,4.0
9403,562793,0.5572980735304867,5.0
9403,81924,0.1205361254004385,7.0
9403,472516,0.0,10.0
9403,513258,0.020506240943738787,9.0
9403,150650,0.8071485723730555,3.0
9403,269898,0.9746238020145105,2.0
9403,29790,0.5080463855845093,6.0
776,124027,1.0,1.0
776,597247,0.7155054595805248,2.0
776,597880,0.4961168164852416,8.0
776,592680,0.4813803542959837,9.0
776,10440,0.7149062779530915,3.0
776,276411,0.0,10.0
776,496899,0.5589368146142403,5.0
776,418864,0.5533019666654142,7.0
776,454810,0.5541210587993818,6.0
776,136270,0.5673113494849447,4.0
6199,473322,1.0,1.0
6199,157553,0.7831180955060902,2.0
6199,332314,0.6461320082114694,5.0
6199,521641,0.7413095172945584,4.0
6199,433801,0.5583832965519465,6.0
6199,93231,0.25882120475384973,9.0
6199,525827,0.778576256212711,3.0
6199,409120,0.0,10.0
6199,279845,0.4328876578063759,8.0
6199,366448,0.4596087650628163,7.0
1393,234436,0.8666517684348769,2.0
1393,220022,1.0,1.0
1393,532932,0.8523186745259492,3.0
1393,394871,0.5295016185218206,7.0
1393,77245,0.7166165672702345,5.0
1393,352640,0.7854592230710127,4.0
1393,499782,0.03925137829505432,9.0
1393,326665,0.0,10.0
1393,196920,0.646263072861404,6.0
1393,555732,0.24700901789135782,8.0
9668,111768,1.0,1.0
9668,75437,0.6082609311911551,6.0
9668,55022,0.0,10.0
9668,6574,0.9173603641938428,3.0
9668,62151,0.7195828051078532,5.0
9668,594655,0.16391859471632772,9.0
9668,13260,0.8757860368612977,4.0
9668,79998,0.36236080952954725,8.0
9668,42438,0.9682011856791584,2.0
9668,416307,0.45948988067235014,7.0
9088,557219,0.7112572665284606,4.0
9088,224654,0.6546034379427783,6.0
9088,536120,0.42972540635017187,7.0
9088,226303,1.0,1.0
9088,539263,0.0,10.0
9088,511093,0.3758325430047984,9.0
9088,433809,0.3814680803684062,8.0
9088,472516,0.7484463206835479,3.0
9088,461051,0.8389262212747952,2.0
9088,344041,0.6659524347220537,5.0
3091,159936,0.7230328964446764,4.0
3091,187739,0.9753482470615328,2.0
3091,95778,0.6392910877574366,5.0
3091,416796,0.1460504230462103,8.0
3091,437538,0.24022657348669307,7.0
3091,254454,0.0913680579930203,9.0
3091,274870,0.903192546262602,3.0
3091,426223,0.0,10.0
3091,366448,1.0,1.0
3091,216384,0.320670697235583,6.0
1157,405777,1.0,1.0
1157,266952,0.31292081300607066,7.0
1157,251411,0.5566175578080886,3.0
1157,243503,0.6893902440158798,2.0
1157,452544,0.5327932510923992,4.0
1157,564618,0.2966553774466089,8.0
1157,295980,0.2897046277215647,9.0
1157,388455,0.49370026888193075,5.0
1157,350819,0.0,10.0
1157,97348,0.34192457505380275,6.0
4335,318583,1.0,1.0
4335,322246,0.6337215057208858,2.0
4335,416225,0.38360350955926503,4.0
4335,109860,0.07045336546244634,8.0
4335,382381,0.04523513124298277,9.0
4335,110515,0.2764749654327243,5.0
4335,126134,0.18429235029442373,6.0
4335,190169,0.0,10.0
4335,158185,0.5441929994711465,3.0
4335,274359,0.09879938654067172,7.0
8947,545759,0.20493622744869364,7.0
8947,61022,0.3002397210768409,4.0
8947,532657,0.28484852453584436,5.0
8947,461592,1.0,1.0
8947,461084,0.06033037732454374,9.0
8947,127134,0.47156522981905574,2.0
8947,384564,0.08663722390452801,8.0
8947,388646,0.0,10.0
8947,452870,0.42986983880587043,3.0
8947,214901,0.24206943643855316,6.0
6410,418150,1.0,1.0
6410,112208,0.6472753023123169,5.0
6410,273861,0.2695511129343719,9.0
6410,172703,0.5300676355105169,8.0
6410,59994,0.6544347806087157,4.0
6410,528034,0.6063897106363257,6.0
6410,107092,0.0,10.0
6410,100485,0.5810479129859828,7.0
6410,133093,0.7231360367723164,2.0
6410,87722,0.7053127466876564,3.0
5196,565745,1.0,1.0
5196,219033,0.9811651603994032,2.0
5196,213370,0.7514604165999335,5.0
5196,171339,0.7827637113894562,3.0
5196,356928,0.7566118598158028,4.0
5196,581889,0.2965004212623206,8.0
5196,273528,0.7257143698259936,6.0
5196,114829,0.5023289796843498,7.0
5196,555101,0.27151033701264876,9.0
5196,474050,0.0,10.0
8789,87349,1.0,1.0
8789,41912,0.6104482677532607,2.0
8789,102436,0.02469434935580263,9.0
8789,58290,0.11811772692026858,7.0
8789,14870,0.2698114179757861,3.0
8789,328341,0.13828696741361743,6.0
8789,152014,0.04082681238744681,8.0
8789,296528,0.0,10.0
8789,213526,0.19246229469546824,5.0
8789,316838,0.20217188241675013,4.0
5808,251824,1.0,1.0
5808,51615,0.2196521681248353,8.0
5808,535697,0.9130359736661017,2.0
5808,43781,0.3560774937554735,6.0
5808,226053,0.3610935505868364,5.0
5808,226070,0.4437134958760248,4.0
5808,271243,0.7151822730606764,3.0
5808,88477,0.08431365709352424,9.0
5808,350145,0.0,10.0
5808,72652,0.27583475681777564,7.0
9701,225682,1.0,1.0
9701,19711,0.5049053276736885,5.0
9701,494926,0.3819602494404388,8.0
9701,384230,0.4630500876739573,7.0
9701,457416,0.5496423096863103,4.0
9701,279865,0.7918761754966188,2.0
9701,473540,0.6130879912100359,3.0
9701,76054,0.47781408494192174,6.0
9701,533515,0.2274367640331204,9.0
9701,321969,0.0,10.0
3179,56718,0.6743090031816144,3.0
3179,385073,1.0,1.0
3179,150219,0.7814905383787377,2.0
3179,243503,0.484617727974309,5.0
3179,442142,0.43511375388477525,6.0
3179,352838,0.5968892105437735,4.0
3179,124630,0.0,10.0
3179,431685,0.22088679274477382,7.0
3179,597247,0.18226479346755764,9.0
3179,174335,0.2143156803812049,8.0
6896,196427,0.8910099124442904,3.0
6896,330041,0.7139516111778273,6.0
6896,244749,0.48977541013482556,8.0
6896,223070,0.890964172527529,4.0
6896,403755,0.0,10.0
6896,38711,0.4992444321389333,7.0
6896,149305,0.9307112723175063,2.0
6896,106501,0.40883434557363474,9.0
6896,587120,1.0,1.0
6896,102443,0.8090403155406966,5.0
2513,25762,0.6568785197879188,2.0
2513,518624,0.27359169585810433,7.0
2513,588247,0.18916037847689746,8.0
2513,82344,1.0,1.0
2513,97348,0.5462212411959263,3.0
2513,102443,0.30929020917734473,4.0
2513,405777,0.30740627885897365,5.0
2513,352838,0.27383430572340367,6.0
2513,147646,0.0,10.0
2513,120090,0.17838255224752161,9.0
8937,294295,0.586079705606857,5.0
8937,13260,0.3467620383175297,8.0
8937,336541,0.8540174912699943,4.0
8937,320101,0.8796021654078714,2.0
8937,416307,0.5264911072331045,6.0
8937,100103,1.0,1.0
8937,363043,0.8783374418882897,3.0
8937,429378,0.0,10.0
8937,88892,0.29085579744590523,9.0
8937,214003,0.4835248563083655,7.0
9643,112208,1.0,1.0
9643,100485,0.5348128398375911,7.0
9643,480315,0.40676825376970854,9.0
9643,428082,0.0,10.0
9643,467575,0.5595701862865637,6.0
9643,87722,0.5026968965712371,8.0
9643,581038,0.6816300220511354,2.0
9643,214542,0.6395179662635699,3.0
9643,539263,0.6080045516492982,5.0
9643,156816,0.6302301556894515,4.0
5653,588247,1.0,1.0
5653,483456,0.12741949127076663,8.0
5653,14543,0.211954614154402,6.0
5653,87722,0.280495266102017,4.0
5653,290930,0.4501518473854298,2.0
5653,461592,0.11813181805761508,9.0
5653,446984,0.1531618536051415,7.0
5653,583635,0.2196946934091745,5.0
5653,31377,0.3787874969794236,3.0
5653,66631,0.0,10.0
2551,143100,1.0,1.0
2551,479276,0.42755242506608565,2.0
2551,202990,0.30619581353828956,6.0
2551,9938,0.12865032264400447,9.0
2551,394460,0.3381733643514429,4.0
2551,242124,0.2662924447959988,7.0
2551,523158,0.3612192504747118,3.0
2551,384642,0.0,10.0
2551,572272,0.21432084282513408,8.0
2551,362805,0.3327516225679882,5.0
1948,467509,1.0,1.0
1948,108739,0.3941363426339831,7.0
1948,356928,0.7180950605671512,2.0
1948,223206,0.146211109742426,8.0
1948,219033,0.6977691630157655,3.0
1948,443795,0.4747908085470355,6.0
1948,362215,0.6181000041078841,4.0
1948,377571,0.012276593581715223,9.0
1948,399700,0.0,10.0
1948,213331,0.5955009738190101,5.0
4920,228341,1.0,1.0
4920,82294,0.6195066683332168,3.0
4920,277217,0.42484101996809276,4.0
4920,306815,0.851824724846984,2.0
4920,22221,0.04839974765542958,9.0
4920,371720,0.0,10.0
4920,415340,0.11153031628695236,6.0
4920,323363,0.07396782311472325,7.0
4920,283202,0.07323736234967831,8.0
4920,115517,0.34847761622957446,5.0
2589,450577,0.7412410711228006,3.0
2589,43961,0.9713017532761039,2.0
2589,468144,1.0,1.0
2589,437969,0.24899428261886858,9.0
2589,581889,0.49496896775315274,4.0
2589,509650,0.3652316972917805,7.0
2589,75252,0.30542836377029664,8.0
2589,307610,0.4063317664573602,5.0
2589,557877,0.0,10.0
2589,527698,0.3837220146309331,6.0
7513,112208,1.0,1.0
7513,172703,0.6097830029932773,5.0
7513,328086,0.7693026648891653,3.0
7513,115372,0.6109780654449155,4.0
7513,273861,0.32611044363690456,6.0
7513,87722,0.02262614357735943,9.0
7513,377429,0.21632516910095204,7.0
7513,387277,0.16229152147081385,8.0
7513,62966,0.9343208075850122,2.0
7513,418150,0.0,10.0
5410,13975,1.0,1.0
5410,371720,0.3422453472026425,7.0
5410,494323,0.8505301379743427,2.0
5410,249844,0.0,10.0
5410,488258,0.4666278606073749,5.0
5410,75235,0.39226334092829535,6.0
5410,488732,0.737661722703859,4.0
5410,457532,0.3037053891142412,8.0
5410,108739,0.7399098887849225,3.0
5410,193312,0.14361757591992275,9.0
2334,228403,1.0,1.0
2334,107092,0.3372113314275327,8.0
2334,150650,0.8045365435605729,2.0
2334,93936,0.6096466204175861,4.0
2334,2304,0.7196289713401833,3.0
2334,208219,0.5900068514750162,5.0
2334,274870,0.056624372375826425,9.0
2334,156194,0.0,10.0
2334,204917,0.4625825829259545,6.0
2334,385506,0.3387444567002068,7.0
1783,445298,1.0,1.0
1783,306800,0.692505305153756,3.0
1783,309555,0.25344564091928834,7.0
1783,167660,0.38563470017645285,6.0
1783,272425,0.4824589879295612,4.0
1783,43497,0.11595244844791329,9.0
1783,57320,0.4666449501525045,5.0
1783,384631,0.16676707343773944,8.0
1783,179066,0.7979462895594901,2.0
1783,102237,0.0,10.0
4641,494753,0.38364676483385346,6.0
4641,213673,0.7347470327724647,3.0
4641,237580,0.6534291630374252,4.0
4641,44594,1.0,1.0
4641,211867,0.0,10.0
4641,406219,0.933396757840804,2.0
4641,409120,0.35868683485070507,7.0
4641,461592,0.06930318501956764,9.0
4641,450228,0.26327582720891346,8.0
4641,192811,0.5943981262257,5.0
1469,444589,1.0,1.0
1469,243503,0.7432340643794633,3.0
1469,426570,0.6584349420866893,4.0
1469,469776,0.2758590791404487,8.0
1469,18003,0.5898908175829944,6.0
1469,421371,0.9167772263209477,2.0
1469,335336,0.0,10.0
1469,484649,0.4710260627356868,7.0
1469,56320,0.6171967730133214,5.0
1469,451737,0.25015732910489785,9.0
10267,569632,1.0,1.0
10267,487348,0.8281436283731434,3.0
10267,22036,0.20888780024230374,8.0
10267,522713,0.44777474783134424,5.0
10267,457108,0.9218259232928987,2.0
10267,379667,0.0,10.0
10267,330379,0.11044301621525901,9.0
10267,108859,0.22169826109689655,7.0
10267,186578,0.5435670548447081,4.0
10267,17652,0.2945712204165836,6.0
3771,59994,0.9462361692826244,2.0
3771,95966,0.21667535630004536,9.0
3771,13346,1.0,1.0
3771,40062,0.5981083175806522,3.0
3771,95762,0.0,10.0
3771,97764,0.39421051941780283,5.0
3771,478890,0.23621510651661232,7.0
3771,515072,0.30162705241132376,6.0
3771,303025,0.5199264700166669,4.0
3771,346450,0.22279372142596096,8.0
10497,147765,0.8258342253516006,5.0
10497,159880,0.8520026134706962,4.0
10497,445230,0.9201834519315116,3.0
10497,535705,0.5100362052945633,7.0
10497,575729,0.9688294798663557,2.0
10497,71898,1.0,1.0
10497,569461,0.15986800726494996,9.0
10497,31483,0.793244837850036,6.0
10497,456436,0.0,10.0
10497,160301,0.19282271974422052,8.0
2472,337165,0.06375746055105916,9.0
2472,584273,0.4818888012180931,6.0
2472,138151,0.0,10.0
2472,534099,0.7417796617026694,2.0
2472,416796,0.5039265634999882,5.0
2472,366597,0.6238462791532298,3.0
2472,216384,0.17136092372456985,8.0
2472,187739,0.520110608404219,4.0
2472,169921,0.36619023527611533,7.0
2472,518563,1.0,1.0
503,171761,1.0,1.0
503,257656,0.0861167506326189,8.0
503,405374,0.8834113912704473,2.0
503,433032,0.09509793068259581,7.0
503,343489,0.2812021230982027,5.0
503,531990,0.019323345163583003,9.0
503,156816,0.6267267418335435,3.0
503,100485,0.19368420006706735,6.0
503,69965,0.0,10.0
503,350680,0.33988673882456544,4.0
6832,552346,0.8160807788814014,4.0
6832,573874,1.0,1.0
6832,244749,0.4865518748339629,6.0
6832,377853,0.9832035729537786,2.0
6832,116694,0.24959204135234414,9.0
6832,108040,0.38782007110460376,7.0
6832,349554,0.9232294855262917,3.0
6832,459351,0.6178104378571382,5.0
6832,42533,0.0,10.0
6832,239214,0.3628658863135927,8.0
864,24890,0.7417937262546881,4.0
864,30142,1.0,1.0
864,450808,0.0,10.0
864,472924,0.81583801461705,3.0
864,566337,0.84439609028957,2.0
864,291726,0.5880809865833562,6.0
864,479625,0.6224331112764233,5.0
864,175339,0.32536989481819345,9.0
864,231947,0.3576861031294786,8.0
864,244104,0.42065277144640906,7.0
2580,11988,0.6482460983691203,2.0
2580,344118,1.0,1.0
2580,371720,0.597040691094952,3.0
2580,87722,0.20308258621688088,7.0
2580,360481,0.18768018003548256,8.0
2580,75764,0.1529506094149073,9.0
2580,585447,0.4128799947708774,5.0
2580,114439,0.37090369952752617,6.0
2580,272738,0.0,10.0
2580,503934,0.43124452526887785,4.0
6625,416307,0.5067930174158556,5.0
6625,88892,1.0,1.0
6625,336541,0.5065901923591866,6.0
6625,27401,0.5643572886401153,4.0
6625,320101,0.5891333480187119,3.0
6625,557356,0.36829965075074395,8.0
6625,138703,0.2660582120932636,9.0
6625,13260,0.671956257050383,2.0
6625,595133,0.0,10.0
6625,75437,0.43405680964108184,7.0
2685,308837,0.16404116071811675,8.0
2685,539133,0.0,10.0
2685,302792,0.5359346092785767,4.0
2685,243499,0.22557000902495508,7.0
2685,575497,0.32699478369854407,6.0
2685,158845,0.07476924707788679,9.0
2685,284075,0.699747604132225,3.0
2685,382005,1.0,1.0
2685,136825,0.4907613377125218,5.0
2685,395357,0.747862080802013,2.0
68,123634,0.39246194592539585,8.0
68,296098,0.6367743337587587,5.0
68,528564,0.9409322800925829,2.0
68,197839,0.0,10.0
68,532932,1.0,1.0
68,352640,0.7680311125302512,4.0
68,327002,0.9382997271800809,3.0
68,55666,0.48169219419335896,7.0
68,232199,0.5021480823523309,6.0
68,259766,0.29896191485619134,9.0
813,548705,1.0,1.0
813,284411,0.3128797652129111,5.0
813,196427,0.7284536231159162,2.0
813,2809,0.41914760278027763,4.0
813,127974,0.23981479101591974,8.0
813,171596,0.4604339155583419,3.0
813,318583,0.0,10.0
813,459677,0.0118702278062509,9.0
813,418630,0.29874874518398514,7.0
813,123468,0.30528089420452775,6.0
7345,69790,0.39126891757145615,5.0
7345,254288,0.35105716907335577,6.0
7345,67063,0.5605468281859796,4.0
7345,98130,0.5892873110629079,3.0
7345,416727,0.3181742208053727,7.0
7345,417840,0.23121568429935713,8.0
7345,108,1.0,1.0
7345,90447,0.7201395200223351,2.0
7345,348405,0.06371791888194107,9.0
7345,504996,0.0,10.0
8970,96121,1.0,1.0
8970,108040,0.7732607437210841,4.0
8970,187583,0.9482320910011531,2.0
8970,496899,0.6134315104746624,5.0
8970,537857,0.8731657955103618,3.0
8970,314478,0.19339744669871384,8.0
8970,167356,0.29714227827721734,7.0
8970,11988,0.31699648370395067,6.0
8970,128574,0.12781813709397252,9.0
8970,514500,0.0,10.0
7105,72652,1.0,1.0
7105,307380,0.5693957690677395,3.0
7105,220060,0.19063241891882007,7.0
7105,455891,0.1637929101151713,8.0
7105,490294,0.30607511180865815,6.0
7105,314919,0.5257135766350518,4.0
7105,324037,0.1513402370443201,9.0
7105,228341,0.5776176926614438,2.0
7105,479384,0.3863029259746213,5.0
7105,366488,0.0,10.0
1310,535651,0.8972806367598137,2.0
1310,471870,0.0,10.0
1310,565698,0.8405842236911094,3.0
1310,344648,0.0994859505410911,8.0
1310,55022,0.6012988593678817,4.0
1310,346622,0.2174416489741187,7.0
1310,24567,1.0,1.0
1310,489401,0.04426986651080025,9.0
1310,297831,0.34969425558067374,6.0
1310,44492,0.4077178933977427,5.0
9060,12432,0.1927060965766832,3.0
9060,511093,1.0,1.0
9060,108,0.15283935200497262,6.0
9060,13260,0.16442078071146518,4.0
9060,511515,0.15347735429656814,5.0
9060,304304,0.0,10.0
9060,37517,0.15092737557377106,7.0
9060,75437,0.4251113707535718,2.0
9060,43087,0.03685864240038006,9.0
9060,111768,0.09851739962788247,8.0
2549,418150,0.7303709909519785,3.0
2549,327978,0.6692708138377571,4.0
2549,14368,0.934462682392307,2.0
2549,307380,1.0,1.0
2549,301224,0.4384345055098692,5.0
2549,59714,0.2681977643570973,8.0
2549,44601,0.17605422921090594,9.0
2549,265874,0.3001567359259723,6.0
2549,17923,0.28961991270583815,7.0
2549,350145,0.0,10.0
559,401254,0.6435458126282843,3.0
559,213370,0.36728693344509894,6.0
559,151639,0.6018544481609085,5.0
559,198349,0.2817067683066789,7.0
559,485195,0.0,10.0
559,494689,0.9017286800037198,2.0
559,21194,0.18489189541613635,8.0
559,281977,0.6221013125060997,4.0
559,61706,0.16638932102305595,9.0
559,75252,1.0,1.0
7218,266900,0.50404177166995,7.0
7218,32290,1.0,1.0
7218,117576,0.5911847207994315,5.0
7218,537418,0.6204248803056566,3.0
7218,482517,0.19727595682228255,8.0
7218,125659,0.5243429122307852,6.0
7218,40447,0.0,10.0
7218,6701,0.03336499107788864,9.0
7218,158520,0.6338859758871607,2.0
7218,314478,0.6102983116765526,4.0
2400,158523,0.0932018940453496,9.0
2400,456470,0.4556241362756023,4.0
2400,29306,0.3926217351228963,6.0
2400,22469,0.29837736451573244,7.0
2400,3118,0.5249512454750224,3.0
2400,226967,0.5967162824098977,2.0
2400,571258,0.24460770461341258,8.0
2400,1198,1.0,1.0
2400,307424,0.0,10.0
2400,535697,0.42882134866867977,5.0
2348,447619,1.0,1.0
2348,112591,0.7424939662507091,3.0
2348,306430,0.7568191024850573,2.0
2348,244433,0.7167154499177274,4.0
2348,268261,0.39137868513741875,8.0
2348,265874,0.45080379321303743,7.0
2348,403025,0.37410753637698163,9.0
2348,117576,0.6948839757024118,5.0
2348,14870,0.6415713473032224,6.0
2348,12432,0.0,10.0
3615,335991,0.9691752945580697,2.0
3615,518379,1.0,1.0
3615,72402,0.8889322435280466,3.0
3615,72160,0.8396014838573711,4.0
3615,156358,0.6749738079890448,7.0
3615,482544,0.6060802696060195,8.0
3615,174335,0.7049742074993773,6.0
3615,341493,0.8071404114222668,5.0
3615,17166,0.537135989105566,9.0
3615,489401,0.0,10.0
8102,314478,0.6300490749471696,6.0
8102,149305,0.3434183896202502,9.0
8102,416307,0.46153070048712286,8.0
8102,99857,0.8186007704707715,4.0
8102,552707,0.9342910521352625,2.0
8102,223309,0.0,10.0
8102,481166,0.4659176861687946,7.0
8102,320101,0.8331112384357681,3.0
8102,344372,0.7324481851301158,5.0
8102,408123,1.0,1.0
5155,462892,1.0,1.0
5155,367785,0.8214493318498148,4.0
5155,69495,0.9023023661729754,2.0
5155,280805,0.8460967804247372,3.0
5155,175265,0.15169792655951272,8.0
5155,305671,0.23081203996032842,7.0
5155,191495,0.5121630329784053,6.0
5155,537725,0.0,10.0
5155,157702,0.64124882781714,5.0
5155,409573,0.07668865647507134,9.0
2460,530037,0.7947491629773556,3.0
2460,584337,1.0,1.0
2460,279346,0.40848289518744996,5.0
2460,549180,0.9858958777918722,2.0
2460,196427,0.0,10.0
2460,502281,0.32505591814684964,6.0
2460,512803,0.6594059283845887,4.0
2460,505028,0.20500112141055502,8.0
2460,295980,0.07976336911011135,9.0
2460,38711,0.22594805752728916,7.0
2399,343489,1.0,1.0
2399,583124,0.4798075550880922,3.0
2399,468743,0.0,10.0
2399,29790,0.28055145727702485,6.0
2399,19606,0.40980926850327465,5.0
2399,521712,0.5188026650482966,2.0
2399,510314,0.2275945462392225,9.0
2399,476834,0.2697543210266083,7.0
2399,457419,0.41157122634552257,4.0
2399,442489,0.2569521618772474,8.0
4071,170594,0.6744946519403197,5.0
4071,328556,0.7454781888921553,4.0
4071,337764,0.6043226648429398,6.0
4071,296516,0.5404901712098311,7.0
4071,135113,1.0,1.0
4071,565782,0.535276585046719,8.0
4071,352485,0.8938099448479582,3.0
4071,368150,0.2238466263337495,9.0
4071,317429,0.9921779920438251,2.0
4071,543589,0.0,10.0
18,431685,0.6007286324289566,2.0
18,88124,1.0,1.0
18,161162,0.1101283599635898,6.0
18,528564,0.0,10.0
18,227098,0.00035895250803368104,9.0
18,172594,0.19888132068649483,4.0
18,152218,0.19056994883288667,5.0
18,349554,0.02322239176490871,8.0
18,366761,0.5711447882151851,3.0
18,143622,0.02458467659632802,7.0
2306,581889,1.0,1.0
2306,509650,0.7175246427163802,4.0
2306,494689,0.8907997756410552,2.0
2306,75252,0.8188252292433362,3.0
2306,368806,0.47969505398060214,7.0
2306,246459,0.49335830449619383,6.0
2306,485195,0.5681905660325111,5.0
2306,401254,0.332338855849378,9.0
2306,399013,0.0,10.0
2306,160125,0.3541880079959411,8.0
3051,232063,0.9831373325123244,2.0
3051,591940,1.0,1.0
3051,306144,0.7721608222575594,3.0
3051,318266,0.6479322382511056,6.0
3051,583956,0.6809345380615656,4.0
3051,73434,0.0,10.0
3051,66246,0.6507503822176974,5.0
3051,110515,0.33658028394344414,9.0
3051,393953,0.4048378031722131,8.0
3051,387165,0.4479512010768903,7.0
2395,594182,0.8688885399484697,3.0
2395,149306,1.0,1.0
2395,568526,0.826147974473428,4.0
2395,308837,0.39243439928181484,8.0
2395,13732,0.8730353235417815,2.0
2395,307999,0.43762319136714956,7.0
2395,387010,0.30412271492802917,9.0
2395,414192,0.0,10.0
2395,13153,0.7087847508134874,5.0
2395,204176,0.4896035991688511,6.0
5134,17208,0.4047824665246297,6.0
5134,579557,0.5659360638405122,3.0
5134,536120,0.48815622045143975,5.0
5134,100485,0.739488395276984,2.0
5134,172703,0.39441408005882705,7.0
5134,206727,1.0,1.0
5134,122012,0.4887514484188629,4.0
5134,453542,0.37093847798491647,8.0
5134,328086,0.0,10.0
5134,539263,0.09515642093933609,9.0
5343,204075,1.0,1.0
5343,296528,0.15530247644555253,9.0
5343,366597,0.2527495852617977,7.0
5343,581889,0.446841163105576,5.0
5343,184175,0.5897917889199714,3.0
5343,367641,0.6249536813284742,2.0
5343,157553,0.1570152991822909,8.0
5343,405702,0.4305026182235301,6.0
5343,548433,0.4958091974873256,4.0
5343,17443,0.0,10.0
5254,471723,0.07654661263173691,9.0
5254,59714,0.36281718134483976,5.0
5254,402466,1.0,1.0
5254,383978,0.5890019094930983,2.0
5254,78675,0.27012286931150964,6.0
5254,14368,0.46446504160734126,4.0
5254,467390,0.09936871574287384,8.0
5254,327978,0.5104622928804363,3.0
5254,44601,0.22411188584738306,7.0
5254,297290,0.0,10.0
3049,582864,1.0,1.0
3049,352640,0.7783085088896137,4.0
3049,77245,0.827362507402416,3.0
3049,536849,0.6048177471777733,8.0
3049,220022,0.6287588360506351,7.0
3049,127974,0.8416371901732693,2.0
3049,132780,0.6654607125074432,6.0
3049,445052,0.7741914155437212,5.0
3049,263361,0.0,10.0
3049,555732,0.5850226131722421,9.0
7509,61191,0.2895944483232441,8.0
7509,423034,0.7344021696559369,3.0
7509,472051,0.5590803926217943,7.0
7509,298128,0.6537508653001735,4.0
7509,461592,0.5744470623098913,6.0
7509,22221,0.6499014072577589,5.0
7509,480944,0.0,10.0
7509,301580,0.04662123765574074,9.0
7509,323363,0.8644589775012401,2.0
7509,392826,1.0,1.0
5067,328341,0.9154026859389125,2.0
5067,366830,0.886674842108073,4.0
5067,547301,0.9001972839045015,3.0
5067,539133,1.0,1.0
5067,231227,0.188322209284058,9.0
5067,88124,0.5379837505547915,7.0
5067,172594,0.7286634976280407,6.0
5067,460357,0.0,10.0
5067,18001,0.8706002032098383,5.0
5067,574327,0.29286300047389985,8.0
8456,257853,1.0,1.0
8456,115141,0.4670853280478078,7.0
8456,125659,0.587859947382391,5.0
8456,486696,0.6609111235479306,4.0
8456,81924,0.3382413857530182,8.0
8456,159703,0.8203968256130763,2.0
8456,193398,0.7623451426645375,3.0
8456,431507,0.5408313182300666,6.0
8456,290156,0.32593535241415056,9.0
8456,367137,0.0,10.0
10734,62882,0.5175205539364792,3.0
10734,426278,0.8470179557128767,2.0
10734,461261,0.21358523012022795,8.0
10734,207354,0.30727772704611733,5.0
10734,467044,0.056924271444391314,9.0
10734,589970,1.0,1.0
10734,549759,0.30494282689837676,7.0
10734,55064,0.3050171767360292,6.0
10734,58937,0.38581439828019176,4.0
10734,551934,0.0,10.0
5178,507544,0.4266451119678176,5.0
5178,257016,1.0,1.0
5178,572272,0.42020504075141696,6.0
5178,9656,0.013546584734993684,9.0
5178,76414,0.6581383208884528,4.0
5178,60355,0.14670639349436768,7.0
5178,437538,0.6675732967762397,3.0
5178,268553,0.8866108948018828,2.0
5178,579235,0.10759905751718225,8.0
5178,216384,0.0,10.0
9174,303025,0.6842159303163495,5.0
9174,404339,1.0,1.0
9174,149306,0.8884136931033497,2.0
9174,313437,0.0,10.0
9174,272008,0.7474173740923712,4.0
9174,374750,0.8357808892491877,3.0
9174,21194,0.2748676073902806,9.0
9174,265098,0.4897687498464364,6.0
9174,479625,0.39571348911313664,8.0
9174,434812,0.4576593673990481,7.0
988,501384,1.0,1.0
988,280967,0.6973888546322046,3.0
988,301224,0.5950920925624343,4.0
988,187196,0.0,10.0
988,45029,0.42560160116086476,7.0
988,287991,0.45247484345366884,5.0
988,236899,0.12696225225533264,8.0
988,201495,0.7248159790580377,2.0
988,345199,0.43952722146307327,6.0
988,455398,0.08421559591107554,9.0
2154,476632,1.0,1.0
2154,132371,0.1460134796383248,9.0
2154,153541,0.3976960298591878,6.0
2154,366761,0.4733663843554136,5.0
2154,62966,0.0,10.0
2154,24890,0.6739038942829645,3.0
2154,147080,0.6605554948436849,4.0
2154,450808,0.8140651573857339,2.0
2154,150219,0.18710109057995247,8.0
2154,148757,0.3415044937295465,7.0
9646,272784,1.0,1.0
9646,236482,0.8900074246796917,3.0
9646,29306,0.7484435318912205,4.0
9646,556191,0.9536698812074752,2.0
9646,395437,0.11010172445765644,7.0
9646,96121,0.06276275175222677,9.0
9646,26203,0.2992776743242636,5.0
9646,257853,0.06569299713330744,8.0
9646,323768,0.0,10.0
9646,535697,0.23329998220803255,6.0
3033,571430,1.0,1.0
3033,518624,0.4592517627126377,3.0
3033,318583,0.2960438642143022,6.0
3033,123468,0.4652583137986269,2.0
3033,295980,0.04294044573283443,9.0
3033,481102,0.458390948396911,4.0
3033,398622,0.21390229167185718,8.0
3033,570453,0.28150955837319624,7.0
3033,387010,0.41104590249291856,5.0
3033,62966,0.0,10.0
15,583956,0.1717494250942139,7.0
15,119213,0.255135790484299,5.0
15,170294,0.12033438579414342,8.0
15,325273,1.0,1.0
15,570155,0.27284352343195617,3.0
15,509723,0.25844329057987664,4.0
15,18509,0.24240847215804376,6.0
15,298159,0.0,10.0
15,338313,0.03393447354118221,9.0
15,387165,0.3643960940101436,2.0
6612,274870,0.5023377192581044,6.0
6612,254454,1.0,1.0
6612,216384,0.8047441306604922,2.0
6612,187739,0.690637886132729,3.0
6612,366448,0.42113496099648867,7.0
6612,95778,0.13287735172716753,9.0
6612,205522,0.5092846763130572,5.0
6612,416796,0.5252401682779576,4.0
6612,159936,0.37507944594777376,8.0
6612,108302,0.0,10.0
5940,304743,0.8410293596788053,2.0
5940,326665,0.0,10.0
5940,226303,0.2043979809980472,8.0
5940,438243,1.0,1.0
5940,428082,0.07712880157202869,9.0
5940,433490,0.7548499765147639,3.0
5940,167684,0.6661194513482965,4.0
5940,16670,0.510298424261765,5.0
5940,150650,0.24304036665763842,7.0
5940,546313,0.461377923607007,6.0
9385,403755,1.0,1.0
9385,442127,0.931794364517245,2.0
9385,1198,0.6003739397042924,5.0
9385,379667,0.4157520799329147,7.0
9385,341579,0.8190274768513175,3.0
9385,70853,0.4930176831969707,6.0
9385,57138,0.7691825412302657,4.0
9385,407654,0.0,10.0
9385,208070,0.17670047412711767,8.0
9385,62151,0.10238157126801002,9.0
9332,159577,0.7744036162330635,3.0
9332,293687,0.71251216761979,4.0
9332,271243,1.0,1.0
9332,212770,0.36461478826167876,7.0
9332,178521,0.9109832468843282,2.0
9332,286074,0.17608143875175908,9.0
9332,271766,0.5692765186439943,5.0
9332,123418,0.4820527610062796,6.0
9332,236389,0.0,10.0
9332,444107,0.22748994937805397,8.0
8275,435963,1.0,1.0
8275,26203,0.4528586236161638,6.0
8275,514500,0.39387608008278485,7.0
8275,294867,0.8336126109572537,3.0
8275,571306,0.770059218866398,4.0
8275,114439,0.2750681249997153,9.0
8275,576564,0.4785781419770082,5.0
8275,99757,0.3154039595263441,8.0
8275,44601,0.0,10.0
8275,554568,0.8476860170898372,2.0
4785,435021,0.23249487939346403,7.0
4785,37517,1.0,1.0
4785,326991,0.3667647649091004,3.0
4785,85522,0.07298852213202138,9.0
4785,34789,0.2273104673756055,8.0
4785,564841,0.2926968072118092,6.0
4785,162456,0.6070292804638822,2.0
4785,69696,0.0,10.0
4785,140170,0.29653187711825274,5.0
4785,385574,0.3051139050541573,4.0
4465,569461,0.6903305939433764,4.0
4465,561377,0.3886690176153883,7.0
4465,299242,1.0,1.0
4465,349710,0.16107851702657872,9.0
4465,344041,0.5872658540710487,6.0
4465,109860,0.6356219270145081,5.0
4465,226303,0.8672631820185308,2.0
4465,170294,0.33590895463558224,8.0
4465,213591,0.0,10.0
4465,461051,0.866728735773179,3.0
7279,476834,1.0,1.0
7279,214542,0.5578311757427954,4.0
7279,412502,0.48324722925498353,5.0
7279,50744,0.44003587609827877,7.0
7279,27081,0.6700977272674455,3.0
7279,322456,0.7038876378039898,2.0
7279,442489,0.41451113967757197,8.0
7279,19606,0.48243735646815966,6.0
7279,343489,0.0,10.0
7279,29790,0.2465829835517931,9.0
7431,281707,1.0,1.0
7431,372921,0.2818909825209443,5.0
7431,292991,0.1360289462845361,9.0
7431,501384,0.3707838624594327,4.0
7431,423403,0.9671777241961226,2.0
7431,44594,0.0,10.0
7431,305287,0.26625522573521665,6.0
7431,114768,0.25951987237929525,7.0
7431,178303,0.19335877736299883,8.0
7431,257248,0.4791116881443187,3.0
2118,76515,0.7966727989525993,3.0
2118,338313,0.3568696477523438,5.0
2118,384322,0.843047284558808,2.0
2118,467509,0.16641517931375802,9.0
2118,411061,1.0,1.0
2118,191977,0.49336334101037504,4.0
2118,328556,0.19328539748074933,8.0
2118,528661,0.27800019381709945,6.0
2118,361028,0.0,10.0
2118,373271,0.22766512729791089,7.0
5380,549254,1.0,1.0
5380,216196,0.33656114343296256,4.0
5380,46099,0.032523409696786826,9.0
5380,360481,0.1994898105631586,6.0
5380,175771,0.0,10.0
5380,242524,0.34160166075865256,3.0
5380,507284,0.5857735794311387,2.0
5380,416307,0.10468996604634757,7.0
5380,345895,0.07566780047637917,8.0
5380,336772,0.2760204402108314,5.0
3404,62966,0.9306152868416961,2.0
3404,322246,0.8032262138625937,5.0
3404,583635,0.0,10.0
3404,272425,0.8386127009197589,4.0
3404,153541,0.7463908458265097,6.0
3404,251411,0.3386598729796871,8.0
3404,488574,1.0,1.0
3404,241136,0.30061112431194437,9.0
3404,442110,0.6933259653247602,7.0
3404,298128,0.9093711321932083,3.0
6420,565568,1.0,1.0
6420,480315,0.0,10.0
6420,294295,0.6956743255220116,4.0
6420,394244,0.904887445918607,2.0
6420,69696,0.1752946657879919,9.0
6420,122432,0.38207318003304414,7.0
6420,269898,0.4908101425303455,5.0
6420,279897,0.4799040183688136,6.0
6420,442048,0.3406806623221502,8.0
6420,112714,0.7058148305400723,3.0
9961,21311,0.8873288339417843,4.0
9961,72402,1.0,1.0
9961,335991,0.35958166350966636,9.0
9961,518379,0.9178194917822586,2.0
9961,174335,0.7132252441066892,5.0
9961,341493,0.37278103620090036,8.0
9961,17166,0.6724993386028506,6.0
9961,528522,0.9087206610842857,3.0
9961,565684,0.0,10.0
9961,156358,0.3873457320157993,7.0
8079,125940,0.010685471970853315,9.0
8079,95278,0.5890679061935952,3.0
8079,187583,0.10321867411643772,8.0
8079,57138,0.8707802601346589,2.0
8079,11184,0.36922313584462746,5.0
8079,108040,1.0,1.0
8079,39478,0.5479355951040363,4.0
8079,224231,0.178925534639402,7.0
8079,93971,0.0,10.0
8079,1198,0.19916108234191632,6.0
