Precision@1,Precision@3,Precision@5,Precision@10,Recall@1,Recall@3,Recall@5,Recall@10,nDCG@1,nDCG@3,nDCG@5,nDCG@10,MAP,method,model,alpha
0.6333333333333333,0.3511111111111111,0.24,0.13033333333333333,0.4535833333333333,0.6406388888888889,0.6960833333333333,0.7366666666666667,0.6333333333333333,0.6879554063988108,0.6904811377285182,0.6825072055169705,0.6464414021164021,linear,MiniLM,0.05
0.67,0.37,0.252,0.13033333333333333,0.4891388888888889,0.6723055555555555,0.7216944444444444,0.7366666666666667,0.67,0.7037492080416677,0.706225966641116,0.7038756529042653,0.6826246031746032,linear,MPNet,0.05
0.64,0.35,0.24,0.13033333333333333,0.45969444444444446,0.6363055555555555,0.6949722222222222,0.7366666666666667,0.64,0.6858523072202392,0.6900736292588461,0.6806864607758564,0.6481583333333333,linear,MiniLM,0.1
0.6666666666666666,0.37111111111111106,0.252,0.13033333333333333,0.4884722222222223,0.6734166666666666,0.7216944444444444,0.7366666666666667,0.6666666666666666,0.7031340909642868,0.7055456567013471,0.7033395634938476,0.6825650793650794,linear,MPNet,0.1
0.6333333333333333,0.34888888888888886,0.24133333333333334,0.13033333333333333,0.45302777777777775,0.6351944444444445,0.6996944444444444,0.7366666666666667,0.6333333333333333,0.6846220730654774,0.6892508239722862,0.6801218896006697,0.6444294973544974,linear,MiniLM,0.15000000000000002
0.6633333333333333,0.37111111111111106,0.252,0.13033333333333333,0.48513888888888895,0.6736944444444445,0.7216944444444444,0.7366666666666667,0.6633333333333333,0.7006736226547632,0.703227218838133,0.7010211256306335,0.6794678571428571,linear,MPNet,0.15000000000000002
0.6366666666666667,0.35,0.24133333333333334,0.13033333333333333,0.45802777777777776,0.6376944444444445,0.6996944444444444,0.7366666666666667,0.6366666666666667,0.6879554063988108,0.6909070251878736,0.6817628094827393,0.6477674603174602,linear,MiniLM,0.2
0.65,0.3688888888888889,0.252,0.13033333333333333,0.4784722222222223,0.66925,0.7216944444444444,0.7366666666666667,0.65,0.701903856809525,0.7019991871045195,0.6997432728085168,0.6746199735449735,linear,MPNet,0.2
0.6233333333333333,0.34888888888888886,0.24066666666666664,0.13033333333333333,0.4463611111111111,0.6360277777777777,0.6973611111111111,0.7366666666666667,0.6233333333333333,0.6861100551666681,0.6862759836441411,0.6798812576299738,0.6401087301587302,linear,MiniLM,0.25
0.6366666666666667,0.36333333333333334,0.25133333333333335,0.13033333333333333,0.46625,0.6620277777777778,0.7183611111111111,0.7366666666666667,0.6366666666666667,0.7055945592738104,0.7013069914172815,0.7002262172098538,0.6678342592592592,linear,MPNet,0.25
0.6133333333333333,0.34888888888888886,0.24133333333333334,0.13033333333333333,0.44025,0.6376944444444445,0.6990277777777777,0.7366666666666667,0.6133333333333333,0.6824193527023826,0.6817059477705527,0.6778523257701378,0.6358194444444445,linear,MiniLM,0.3
0.63,0.36333333333333334,0.25,0.13033333333333333,0.46125,0.6620277777777778,0.7164166666666667,0.7366666666666667,0.63,0.7000585055773823,0.6963681755176672,0.6949764375356416,0.6610604497354498,linear,MPNet,0.3
0.6066666666666667,0.34888888888888886,0.242,0.13033333333333333,0.43580555555555556,0.6354722222222222,0.6995833333333333,0.7366666666666667,0.6066666666666667,0.6784709022916684,0.6793943743731261,0.6757299452928635,0.6324667989417989,linear,MiniLM,0.35000000000000003
0.6133333333333333,0.36333333333333334,0.24933333333333338,0.13033333333333333,0.4429166666666667,0.6620277777777779,0.71475,0.7366666666666667,0.6133333333333333,0.6988282714226205,0.6942542609927134,0.6924394509538413,0.6499718253968253,linear,MPNet,0.35000000000000003
0.6,0.34777777777777774,0.24066666666666664,0.13033333333333333,0.4313611111111111,0.6329722222222222,0.6949722222222222,0.7366666666666667,0.6,0.6745224518809542,0.6754603464449983,0.6721124968063827,0.627387037037037,linear,MiniLM,0.4
0.6033333333333334,0.3622222222222222,0.24866666666666665,0.13033333333333333,0.43513888888888885,0.6603611111111112,0.7139166666666668,0.7366666666666667,0.6033333333333334,0.6988282714226205,0.6937632324853809,0.6918023351303126,0.6450194444444445,linear,MPNet,0.4
0.5833333333333334,0.33999999999999997,0.24,0.13033333333333333,0.4180277777777778,0.6176944444444444,0.6906388888888889,0.7366666666666667,0.5833333333333334,0.6590860193690493,0.6670004810945327,0.6650222021474138,0.6160702380952381,linear,MiniLM,0.45
0.5866666666666667,0.35777777777777775,0.24666666666666667,0.13033333333333333,0.4184722222222222,0.6536944444444445,0.7094722222222223,0.7366666666666667,0.5866666666666667,0.6911891185476209,0.6878601880980049,0.6838596243683014,0.6303435185185186,linear,MPNet,0.45
0.56,0.33666666666666667,0.23733333333333329,0.13033333333333333,0.39469444444444446,0.61425,0.6853611111111112,0.7366666666666667,0.56,0.6566255510595257,0.665381562133913,0.6615358057428055,0.6009654761904761,linear,MiniLM,0.5
0.57,0.3466666666666667,0.24533333333333332,0.13033333333333333,0.40680555555555553,0.6336944444444444,0.7075277777777778,0.7366666666666667,0.57,0.6833918389107155,0.6821180134357654,0.6779271342526042,0.6189195767195768,linear,MPNet,0.5
0.55,0.33555555555555555,0.23800000000000002,0.13033333333333333,0.38802777777777775,0.6131388888888889,0.6851944444444444,0.7366666666666667,0.55,0.6529348485952403,0.6623587525009417,0.6576072930911931,0.595056746031746,linear,MiniLM,0.55
0.5533333333333333,0.3411111111111111,0.24333333333333335,0.13033333333333333,0.3918055555555555,0.6223055555555556,0.7030833333333333,0.7366666666666667,0.5533333333333333,0.6767251722440489,0.6763166537761093,0.671555286763635,0.6066345238095238,linear,MPNet,0.55
0.53,0.3322222222222222,0.23733333333333334,0.13033333333333333,0.3713611111111111,0.6070277777777777,0.6865833333333334,0.7366666666666667,0.53,0.6468832990059545,0.6599656848700781,0.6553561642347673,0.5848808201058201,linear,MiniLM,0.6000000000000001
0.5366666666666666,0.33666666666666667,0.2426666666666667,0.13033333333333333,0.37513888888888886,0.6156388888888888,0.7022499999999999,0.7366666666666667,0.5366666666666666,0.6672406681369065,0.6677945889691127,0.6627593398931977,0.5931345238095237,linear,MPNet,0.6000000000000001
0.5166666666666667,0.3311111111111111,0.236,0.13033333333333333,0.3580277777777778,0.6020277777777777,0.6825833333333333,0.7366666666666667,0.5166666666666667,0.6398592632083356,0.6529381053584006,0.64845869913093,0.5739727513227513,linear,MiniLM,0.6500000000000001
0.5233333333333333,0.32888888888888884,0.23933333333333331,0.13033333333333333,0.36180555555555555,0.600361111111111,0.6967499999999999,0.7366666666666667,0.5233333333333333,0.6584709022916684,0.6638559052208388,0.657089443208661,0.5816444444444445,linear,MPNet,0.6500000000000001
0.5133333333333333,0.3222222222222222,0.23333333333333334,0.13033333333333333,0.35247222222222224,0.5859166666666666,0.6758055555555555,0.7366666666666667,0.5133333333333333,0.6310894973630975,0.6431406393598106,0.6401325601696358,0.565512962962963,linear,MiniLM,0.7000000000000001
0.5066666666666667,0.3222222222222222,0.23666666666666666,0.13033333333333333,0.3484722222222222,0.5859166666666666,0.6883055555555556,0.7366666666666667,0.5066666666666667,0.6402166323392878,0.6488332791597852,0.6450047858243425,0.5671694444444445,linear,MPNet,0.7000000000000001
0.51,0.31666666666666665,0.23200000000000004,0.13033333333333333,0.3491388888888889,0.5770277777777778,0.6740277777777777,0.7366666666666667,0.51,0.6283712811071451,0.639598803789185,0.6358232366256471,0.5602931216931217,linear,MiniLM,0.7500000000000001
0.5,0.31777777777777777,0.2346666666666667,0.13033333333333333,0.34180555555555553,0.5759166666666666,0.6843055555555556,0.7366666666666667,0.5,0.6287286502380972,0.6472379912414415,0.6406391119988689,0.5599800264550264,linear,MPNet,0.7500000000000001
0.4866666666666667,0.30777777777777776,0.22733333333333333,0.13033333333333333,0.3324722222222222,0.5575833333333333,0.6606944444444444,0.7366666666666667,0.4866666666666667,0.6126771006488114,0.6313016483275488,0.6285313148818633,0.5466132275132275,linear,MiniLM,0.8
0.49333333333333335,0.3111111111111111,0.23133333333333336,0.13033333333333333,0.3384722222222222,0.5620277777777778,0.6754166666666667,0.7366666666666667,0.49333333333333335,0.6187286502380972,0.6392270941166918,0.6340039737809209,0.5538332010582011,linear,MPNet,0.8
0.48,0.30222222222222217,0.22666666666666666,0.13033333333333333,0.32580555555555557,0.5481388888888888,0.6590277777777778,0.7366666666666667,0.48,0.604165082750002,0.6261385154301032,0.6220518587459929,0.5386740740740741,linear,MiniLM,0.8500000000000001
0.48333333333333334,0.3,0.22666666666666666,0.13033333333333333,0.3291388888888889,0.5445277777777778,0.659861111111111,0.7366666666666667,0.48333333333333334,0.6066255510595256,0.6286439172994273,0.62506045674169,0.542118253968254,linear,MPNet,0.8500000000000001
0.4766666666666667,0.29444444444444445,0.22333333333333333,0.13033333333333333,0.3241388888888889,0.5353611111111112,0.64875,0.7366666666666667,0.4766666666666667,0.599343767315478,0.6198621276552196,0.6166334519977041,0.5329090828924162,linear,MiniLM,0.9000000000000001
0.48,0.29333333333333333,0.22399999999999995,0.13033333333333333,0.32580555555555557,0.5328611111111111,0.6506944444444444,0.7366666666666667,0.48,0.599343767315478,0.6190920032425479,0.61746443461152,0.5345770723104056,linear,MPNet,0.9000000000000001
0.47,0.2922222222222222,0.21666666666666667,0.13033333333333333,0.31969444444444445,0.5303611111111112,0.6288055555555555,0.7366666666666667,0.47,0.5929348485952403,0.6106397919181363,0.6092277789743871,0.5248482363315697,linear,MiniLM,0.9500000000000001
0.47333333333333333,0.29444444444444445,0.21866666666666665,0.13033333333333333,0.32080555555555557,0.5336944444444445,0.6328055555555555,0.7366666666666667,0.47333333333333333,0.5956530648511926,0.6111854671745601,0.6114669797760318,0.5272818342151676,linear,MPNet,0.9500000000000001
